키워드,분류
가가,인물
가가린,인물
가가연,인물
가가와현,인물
가가호호,인물
가각,인물
가감,인물
가객,인물
가거도,인물
가건물,키워드
가게,인물
가격,키워드
가격결정,인물
가격파괴,인물
가격표,인물
가견,인물
가결,인물
가경,인물
가경동,인물
가경자,인물
가경제,인물
가계,인물
가계도,인물
가계부,인물
가계부채,키워드
가계약,인물
가계조사,인물
가고시마,인물
가고시마현,인물
가고일,인물
가곡,인물
가곡동,키워드
가곡면,장소
가공,기관
가공무역,인물
가공비,인물
가공생산,인물
가공업,인물
가공품,인물
가과,인물
가관,인물
가교,인물
가구,키워드
가구라,인물
가군,인물
가권,인물
가극,인물
가글,인물
가금,인물
가금류,인물
가금면,인물
가급,인물
가기,인물
가까스로,인물
가까이,인물
가끔,인물
가나,장소
가나가와현,인물
가나다,인물
가나다순,인물
가나슈,인물
가나안,인물
가나자와시,인물
가난,인물
가난뱅이,인물
가납,인물
가내,인물
가넴,인물
가넷,인물
가념식,인물
가노,인물
가늠,인물
가늠쇠,인물
가늠자,인물
가능,키워드
가능도,인물
가능동,장소
가능량,인물
가능성,인물
가능케,인물
가니쉬,인물
가다가,인물
가다랑어,인물
가닥,인물
가담,키워드
가당,인물
가덕도,인물
가덕면,인물
가덕산,인물
가던스,인물
가던트,인물
가던트헬스,인물
가데,인물
가데나,인물
가도,인물
가독성,인물
가돌리늄,인물
가동,키워드
가두,인물
가두리,인물
가드,인물
가드닝,인물
가드레일,인물
가득,인물
가든,인물
가든그로브,인물
가든파이브,인물
가듭하,인물
가등기,인물
가등청정,인물
가디,인물
가디건,인물
가디스,인물
가디언,기관
가디언스,인물
가디언즈,인물
가뜩이나,인물
가라,인물
가라데,인물
가라아게,인물
가라오케,인물
가라지,인물
가라테,인물
가락,인물
가락국,인물
가락국기,인물
가락대로,인물
가락동,인물
가락시장,인물
가락시장역,인물
가락지,인물
가람,인물
가람동,인물
가람이,인물
가랑비,인물
가랑이,인물
가랑잎,인물
가래,인물
가래떡,인물
가래질,인물
가래침,인물
가량,인물
가레고즐루,인물
가레산스이,인물
가레스,인물
가렌,인물
가렛,인물
가려움,인물
가려움증,인물
가려진,인물
가렴,인물
가렵거,인물
가렵기,인물
가렵다,인물
가령,인물
가례,인물
가로,인물
가로등,인물
가로림만,인물
가로막,인물
가로변,인물
가로세로,인물
가로수,키워드
가로수길,장소
가로수로,인물
가로숫길,인물
가로축,인물
가료,인물
가루,인물
가루다,인물
가루받이,인물
가루약,인물
가르데,인물
가르마,인물
가르시아,인물
가르침,인물
가름,인물
가리개,인물
가리마,인물
가리맛조개,인물
가리봉,인물
가리봉동,인물
가리비,인물
가리왕산,인물
가리포,인물
가림,키워드
가립,인물
가마,인물
가마니,인물
가마솥,인물
가마우지,인물
가마쿠라,인물
가막,인물
가망,인물
가맥집,인물
가맹,인물
가맹업,인물
가메이도,인물
가면,인물
가면극,인물
가면무도회,인물
가명,인물
가모,인물
가묘,인물
가무,인물
가문,인물
가문비,인물
가물,인물
가물치,인물
가뭄,인물
가믈란,인물
가미,인물
가미카제,인물
가바,인물
가발,인물
가방,인물
가배,인물
가버넌스,인물
가범,인물
가법,인물
가변,인물
가변저항,인물
가보,인물
가보트,인물
가복,인물
가봉,인물
가부,인물
가부간,인물
가부장,인물
가부장제,인물
가부좌,인물
가부키,인물
가부키초,인물
가부키쵸,인물
가북면,인물
가분,인물
가분수,인물
가불,인물
가브리엘,인물
가비,인물
가비아,인물
가빈,인물
가사,인물
가사노동,인물
가사도,인물
가사문학,인물
가사소송,인물
가사재판,인물
가산,장소
가산금,인물
가산동,인물
가산디지털단지역,인물
가산면,인물
가산역,인물
가산퍼블릭,인물
가상,키워드
가상공간,인물
가상머신,인물
가상세계,인물
가상일,인물
가상재화,인물
가상현실,인물
가상화,인물
가샤,인물
가석방,인물
가선,인물
가설,인물
가설검증,인물
가섭,인물
가성,인물
가성소다,인물
가성은,인물
가세,인물
가소,인물
가소성,인물
가소제,인물
가속,인물
가속도,인물
가속도계,인물
가솔린,인물
가쇼,인물
가수,키워드
가수만,인물
가수분해,인물
가수원,인물
가수원동,인물
가스,키워드
가스나,인물
가스등,인물
가스량,인물
가스레인지,인물
가스렌지,인물
가스미가세키,인물
가스실,인물
가스요금,인물
가스용기,인물
가스전,인물
가스중독,인물
가스총,인물
가스킷,인물
가스터빈,인물
가스텍,인물
가스통,인물
가스트,인물
가스펠,인물
가스프롬,인물
가스화재,인물
가슴,키워드
가슴속,인물
가슴앓이,인물
가습기,인물
가시,인물
가시거리,인물
가시광,인물
가시광선,인물
가시나무,인물
가시대,인물
가시리,인물
가시박,인물
가시연,인물
가시오갈피,인물
가시와,인물
가식,인물
가신,인물
가실왕,인물
가십,인물
가십걸,인물
가쓰시카,인물
가안,인물
가압,인물
가압경수로,인물
가압류,인물
가액,인물
가야,인물
가야고,인물
가야금,기관
가야농장,인물
가야대,인물
가야대로,인물
가야산,인물
가야시대,인물
가야역,인물
가야읍,인물
가약,인물
가양,장소
가양동,인물
가양역,인물
가업,인물
가업승계,인물
가에타,인물
가연,인물
가연성,인물
가열,인물
가엽,인물
가엽다,인물
가영은,인물
가오,인물
가오동,인물
가오리,인물
가오슝,인물
가오슝시,인물
가옥,인물
가온,인물
가온누리,기관
가온차트,인물
가와라반,인물
가와사키,인물
가와사키시,인물
가욋일,인물
가요,인물
가요무대,인물
가요쇼,인물
가요제,인물
가용,인물
가용성,인물
가우,인물
가우디,인물
가우리,인물
가우스,인물
가운,인물
가운데,인물
가운뎃손가락,인물
가운뎃점,인물
가울,인물
가원,인물
가위,인물
가위바위보,인물
가위손,키워드
가유,인물
가율,인물
가으내,인물
가은,인물
가을,키워드
가을걷이,키워드
가을동화,인물
가을로,인물
가을바다,인물
가을방학,인물
가을비,인물
가음면,인물
가음정동,인물
가의,인물
가이거,인물
가이던스,키워드
가이드,인물
가이드라인,인물
가이드북,인물
가이딩,인물
가이세키,키워드
가이아,인물
가이아나,인물
가이오가,인물
가이즈,인물
가인,인물
가일,인물
가일층,인물
가입,키워드
가입자,키워드
가자미,인물
가자지구,인물
가작,인물
가잔,인물
가잘리,인물
가장,인물
가장납입,인물
가장동,인물
가장이,인물
가장자리,인물
가장조,인물
가재,인물
가전,키워드
가전제품,인물
가절,인물
가점,인물
가정,키워드
가정교사,인물
가정교육,인물
가정당,인물
가정동,인물
가정방문,인물
가정법원,기관
가정부,인물
가정불화,인물
가정사,인물
가정식,인물
가정역,인물
가정연,인물
가정위탁,인물
가정은,인물
가정의학,인물
가정폭력,인물
가정학습,인물
가제,인물
가제트,인물
가젤,인물
가젯,인물
가조,인물
가조면,인물
가조인,인물
가족,키워드
가족계획,인물
가족관계도,인물
가족관계등록부,인물
가족법,인물
가족부,기관
가족불화,인물
가족사,인물
가족사진,인물
가족영화,인물
가족제도,인물
가족캠프,인물
가좌동,장소
가좌역,인물
가주,인물
가죽,인물
가죽공예,인물
가죽나무,인물
가중,인물
가즈,인물
가즈트랑스포르,인물
가즈히코,인물
가증,인물
가지,키워드
가지가지,인물
가지각색,인물
가지산,인물
가지안테프,인물
가지원,인물
가지치기,인물
가진항,인물
가짐,인물
가집,인물
가짓수,인물
가짜,키워드
가차,인물
가창,장소
가창력,인물
가창면,인물
가창오리,인물
가책,인물
가챠,인물
가처분,인물
가처분소득,인물
가천,인물
가천대,인물
가천의대,인물
가첨,인물
가체,인물
가추,인물
가축,인물
가축화,인물
가출,인물
가치,키워드
가치관,인물
가치주,인물
가치중립,인물
가치투자,인물
가치판단,인물
가친,인물
가칭,인물
가카,인물
가케가,인물
가쿠엔,인물
가쿠인,인물
가타,인물
가택,인물
가택연금,인물
가터,인물
가토,인물
가톨릭,기관
가톨릭교,인물
가톨릭교도,인물
가톨릭교회,인물
가톨릭대,기관
가톨릭병원,인물
가툰,인물
가트,인물
가트너,인물
가티,인물
가파도,인물
가판,인물
가페,인물
가펫,인물
가편,인물
가평,인물
가평군,기관
가평읍,인물
가포,인물
가폰,인물
가표,인물
가품,인물
가풍,인물
가프,인물
가픈,인물
가필,인물
가필드,인물
가해,인물
가해자,키워드
가행,인물
가향,인물
가헌,인물
가현,인물
가형,인물
가호,인물
가혹,인물
가화,인물
가화만사성,인물
가황,인물
가회,인물
가회동,인물
가회면,인물
가훈,인물
가흥,장소
가흥동,인물
가흥시,인물
가희,인물
각가지,인물
각각,인물
각개,인물
각거리,인물
각계,인물
각고,인물
각골,인물
각공,인물
각과,인물
각광,인물
각국,인물
각기,인물
각남면,인물
각대,인물
각도,인물
각도기,인물
각령,인물
각론,인물
각료,인물
각막,인물
각막량,인물
각막염,인물
각막이식,인물
각막절삭량,인물
각모,인물
각목,인물
각박,인물
각반,인물
각방,인물
각별,인물
각본,인물
각본가,인물
각북면,인물
각산,인물
각산동,인물
각색,인물
각생,인물
각서,키워드
각설이,인물
각설탕,인물
각성,인물
각성제,인물
각수,인물
각시,인물
각시붕어,인물
각심,인물
각양,인물
각양각색,인물
각연사,인물
각오,인물
각운,인물
각의,인물
각인,인물
각자,인물
각장,인물
각재,인물
각종,키워드
각주,인물
각지,인물
각질,키워드
각처,인물
각초,인물
각축,인물
각출,인물
각층,인물
각통,인물
각하,인물
각형,인물
각황전,인물
각회,인물
각훈,인물
각흘산,인물
간간,인물
간간이,인물
간격,인물
간결,인물
간경,인물
간경변,인물
간경변증,인물
간경화,인물
간계,인물
간고,인물
간곡,인물
간공,인물
간과,인물
간교,인물
간구,인물
간국,인물
간극,인물
간기,인물
간기능검사,인물
간나,인물
간난,인물
간다,인물
간단,인물
간단명료,인물
간담,인물
간담췌암,인물
간도,장소
간도참변,인물
간도특설대,인물
간독성,인물
간동면,인물
간뒤,인물
간디,인물
간디나가르,인물
간디스토마,인물
간또,인물
간략,인물
간련,인물
간만,인물
간명,인물
간몐,인물
간문맥,인물
간문제,인물
간물,인물
간반,인물
간발,인물
간밤,키워드
간방,인물
간벌,인물
간병,인물
간병인,키워드
간부,인물
간부사관,인물
간부전,인물
간사,인물
간사이,장소
간사이권,인물
간사장,인물
간살,인물
간색,인물
간석,인물
간석동,인물
간석지,인물
간선,인물
간섭,키워드
간섭계,인물
간섭현상,인물
간성,인물
간성읍,인물
간세,인물
간세이,인물
간세포,인물
간세포암,인물
간소,인물
간소화,인물
간송,인물
간수,인물
간수성,인물
간수치,인물
간스,인물
간시,인물
간식,키워드
간신,인물
간쑤,인물
간쑤성,인물
간악,인물
간암,인물
간언,인물
간엔,인물
간여,인물
간염,인물
간원,인물
간월,인물
간월산,인물
간월재,인물
간월호,장소
간유,인물
간음,인물
간의,인물
간의대,인물
간이,인물
간이역,인물
간인,인물
간일,인물
간자,인물
간장,인물
간장게장,인물
간장학,인물
간전,인물
간전면,인물
간절,인물
간절곶,인물
간접,인물
간접강제,인물
간접비,인물
간접선거,인물
간접세,인물
간접정범,인물
간접화법,인물
간접흡연,인물
간정,인물
간조,인물
간주,인물
간주곡,인물
간증,인물
간지,인물
간지럼,인물
간직,인물
간질,키워드
간짜장,인물
간찰,인물
간찰첩,인물
간창,인물
간창골,인물
간척,장소
간척지,인물
간첩,인물
간첩죄,인물
간첩활동,인물
간청,인물
간체,인물
간촌,인물
간추린,인물
간칭되,인물
간코,인물
간택,인물
간토,인물
간토대지진,인물
간토대진재,인물
간통,인물
간통죄,인물
간특,인물
간특하,인물
간파,인물
간판,키워드
간편,인물
간편식,인물
간행,인물
간행물,인물
간현,인물
간호,인물
간호사,키워드
간호원,인물
간호장교,인물
간호조무사,인물
간호학,인물
간혹,인물
간화선,인물
간흡충,인물
갈가리,인물
갈건,인물
갈고,인물
갈고리,인물
갈기,인물
갈기갈기,인물
갈기산,인물
갈남,인물
갈남항,인물
갈대,인물
갈도,인물
갈등,키워드
갈떄,인물
갈라,인물
갈라디아,인물
갈라콘,인물
갈라타사라이,인물
갈라파고스,인물
갈락,인물
갈래,인물
갈런드,인물
갈레,인물
갈렸더랬다,인물
갈륨,인물
갈리,인물
갈리시아,인물
갈리아,인물
갈리오,인물
갈릭,인물
갈릴,인물
갈릴레오,인물
갈릴레이,인물
갈릴리,인물
갈림,인물
갈림길,키워드
갈마도,인물
갈말읍,인물
갈망,인물
갈매,인물
갈매기,인물
갈매나무,인물
갈매동,장소
갈매역,인물
갈맷길,인물
갈맷빛달,인물
갈무리,인물
갈바,인물
갈바니,인물
갈보리,인물
갈브레이스,인물
갈비,키워드
갈비뼈,인물
갈비살,인물
갈비찜,기관
갈비탕,인물
갈산동,인물
갈산면,인물
갈색,인물
갈색거저리,인물
갈색사다새,인물
갈수,인물
갈수록,인물
갈옷,인물
갈완,인물
갈완계곡,인물
갈이,인물
갈잎,인물
갈조류,인물
갈증,인물
갈참나무,인물
갈채,인물
갈취,키워드
갈치,인물
갈퀴,인물
갈탄,인물
갈텍스,인물
갈파,인물
갈팡질팡,인물
갈프,인물
갈피,인물
갈현,인물
갈현동,인물
갉아먹기,인물
감가상각,인물
감가상각비,인물
감각,인물
감각기관,인물
감개,인물
감겨,인물
감격,인물
감결,인물
감경,키워드
감경철,인물
감고,인물
감곡,인물
감곡면,인물
감관,인물
감광,인물
감귤,키워드
감귤류,인물
감금,인물
감금죄,인물
감기,키워드
감꽃,인물
감나무,인물
감당,키워드
감독,키워드
감독대행,인물
감돈,인물
감동,키워드
감등,인물
감디,인물
감람,인물
감량,인물
감량량,인물
감로,인물
감류,인물
감리,인물
감리교,인물
감리교신학대,인물
감리교회,인물
감리서,인물
감리회,인물
감마,인물
감마선,인물
감만동,장소
감명,인물
감모,인물
감물,인물
감미,인물
감미료,인물
감발,인물
감방,인물
감배,인물
감벅,인물
감베티,인물
감별,키워드
감별진단,인물
감복숭아,인물
감봉,인물
감북동,인물
감비아,인물
감빵,인물
감사,키워드
감사원,기관
감사원장,기관
감사패,키워드
감산,인물
감산기,인물
감산량,인물
감삼동,장소
감상,인물
감상문,인물
감상주의,인물
감색,인물
감석,인물
감성,인물
감성돔,인물
감세,인물
감소,키워드
감속,인물
감손,인물
감쇠,인물
감수,인물
감수성,인물
감숙,인물
감숲,인물
감스베,인물
감시,키워드
감시인,인물
감시자,인물
감시카메라,인물
감시탑,인물
감식,인물
감신대,인물
감실,인물
감악,인물
감악산,인물
감안,인물
감압,인물
감압병,인물
감압술,인물
감압시술,인물
감액,인물
감액률,인물
감액해,인물
감언,인물
감언이설,인물
감염,키워드
감염병,인물
감염증,인물
감영,인물
감옥,인물
감옥살이,인물
감우성,인물
감원,인물
감은사,인물
감읍,인물
감응,인물
감익,인물
감일,인물
감일동,인물
감임,인물
감입,인물
감잎차,인물
감자,인물
감자면,인물
감자전,인물
감자칩,인물
감자탕,인물
감작,인물
감저,인물
감전,장소
감전사,인물
감점,인물
감정,인물
감정노동,인물
감정노동자,인물
감정동,인물
감정유치,인물
감정이입,인물
감정인,인물
감정평가,인물
감정평가사,인물
감주,인물
감즙,인물
감지,인물
감지기,인물
감지덕지,인물
감쪽,인물
감차,인물
감찰,기관
감찰관,인물
감창,인물
감천,인물
감천면,인물
감청,인물
감초,인물
감촉,인물
감축,키워드
감축된,인물
감축량,인물
감치,인물
감칠,인물
감칠맛,인물
감탄,키워드
감탄사,인물
감탕나무,인물
감태,인물
감통,인물
감퇴,인물
감투,인물
감포,인물
감포읍,인물
감포항,인물
감해,인물
감행,인물
감향주,인물
감협,인물
감형,인물
감호,인물
감호소,인물
감홍,인물
감회,인물
감후,인물
감흥,인물
감히,인물
갑각류,인물
갑골문,인물
갑구,인물
갑남,인물
갑년,인물
갑동,인물
갑동이,인물
갑론,인물
갑문,인물
갑범,인물
갑부,키워드
갑산,인물
갑상샘,인물
갑상샘암,인물
갑상선,인물
갑상선기능항진증,인물
갑상선암,인물
갑상선호르몬,인물
갑생,인물
갑신,인물
갑신정변,인물
갑오,인물
갑오개혁,인물
갑오년,인물
갑오징어,인물
갑옷,키워드
갑인자,인물
갑일,인물
갑입,인물
갑자,인물
갑자기,인물
갑자사화,인물
갑작,인물
갑작스,인물
갑작스레,인물
갑절,인물
갑족,인물
갑주,인물
갑지,인물
갑진,인물
갑질,키워드
갑천,인물
갑천면,인물
갑툭튀,인물
갑판,인물
갑피,인물
값어치,인물
값일,인물
갓길,인물
갓김치,인물
갓난,인물
갓난아기,인물
갓난아이,인물
갓바위,인물
갓일,인물
갓집,인물
갔슈,인물
강가,인물
강간,인물
강간미수,인물
강간범,인물
강간죄,인물
강간치상죄,인물
강감찬,인물
강갑생,인물
강강수월래,인물
강강술래,인물
강강숲,인물
강건,인물
강건우,인물
강건욱,인물
강격,인물
강경,인물
강경구,인물
강경국,인물
강경근,인물
강경대,인물
강경록,인물
강경문,인물
강경선,인물
강경수,인물
강경식,인물
강경애,인물
강경옥,인물
강경읍,인물
강경준,인물
강경진압,인물
강경포구,인물
강경학,인물
강경헌,인물
강경화,인물
강계,인물
강골,인물
강공,인물
강관,인물
강관범,인물
강관식,인물
강광,인물
강광욱,인물
강광호,인물
강교,인물
강구,인물
강구면,인물
강구상,인물
강국,인물
강국진,인물
강권,인물
강규,인물
강규빈,인물
강규영,인물
강규태,인물
강규혁,인물
강균성,인물
강금실,인물
강금옥,인물
강기갑,인물
강기석,인물
강기영,인물
강기원,인물
강기윤,인물
강기정,인물
강기태,인물
강기훈,인물
강길연,인물
강나루,인물
강남,장소
강남구,장소
강남구청역,인물
강남규,인물
강남대,인물
강남대로,인물
강남동,장소
강남스타일,인물
강남시,인물
강남역,장소
강남차병원,인물
강남케이블,인물
강낭콩,인물
강내,인물
강내면,인물
강냉이,인물
강녕,인물
강누리,인물
강뉴,인물
강다슬,인물
강다해,인물
강다현,인물
강다희,인물
강단,인물
강단사학,인물
강달호,인물
강담,인물
강당,인물
강대,인물
강대국,인물
강대규,인물
강대현,인물
강대형,인물
강덕,인물
강덕상,인물
강덕수,인물
강도,인물
강도경,인물
강도다리,인물
강도상해,인물
강도상해죄,인물
강도영,인물
강도예비죄,인물
강도원,인물
강도짓,인물
강도현,인물
강독,인물
강동,장소
강동고,인물
강동구,기관
강동구청,인물
강동구청역,인물
강동군,인물
강동길,인물
강동대로,인물
강동동,인물
강동면,장소
강동역,장소
강동엽,인물
강동완,인물
강동우,인물
강동욱,인물
강동원,인물
강동윤,인물
강동진,인물
강동철,인물
강동헌,인물
강동혁,인물
강동현,인물
강동호,인물
강동희,인물
강두,인물
강둑,인물
강득,인물
강득구,인물
강등,인물
강등권,인물
강뜰,인물
강란,인물
강레오,인물
강력,인물
강력반,인물
강력범죄,인물
강렬,인물
강령,인물
강령탈춤,인물
강롄,인물
강론,인물
강릉,장소
강릉고,인물
강릉공,인물
강릉교도소,인물
강릉단오제,인물
강릉대도호부,인물
강릉시,기관
강릉시청,인물
강릉여고,인물
강릉역,인물
강릉원주대,인물
강릉의료원,인물
강릉제일고,인물
강릉항,인물
강릉향교,인물
강리나,인물
강림,인물
강림면,인물
강만수,인물
강매,인물
강멍,인물
강멍존,인물
강명관,인물
강명구,인물
강명도,인물
강명옥,인물
강명철,인물
강모,인물
강목,인물
강묘영,인물
강무,인물
강무길,인물
강무란,인물
강문,인물
강문규,인물
강문수,인물
강문영,인물
강문희,인물
강물,인물
강미,인물
강미선,인물
강미숙,인물
강미영,인물
강미진,인물
강미현,인물
강민,인물
강민경,인물
강민구,인물
강민국,인물
강민규,인물
강민기,인물
강민서,인물
강민석,인물
강민성,인물
강민수,인물
강민우,인물
강민웅,인물
강민재,인물
강민정,인물
강민주,인물
강민지,인물
강민철,인물
강민혁,인물
강민호,인물
강밀,인물
강바람,인물
강박,인물
강박증,인물
강백호,인물
강범석,인물
강벽신,인물
강변,인물
강변가요제,인물
강변로,인물
강변북로,인물
강변역,인물
강병,인물
강병관,인물
강병구,인물
강병기,인물
강병삼,인물
강병수,인물
강병연,인물
강병우,인물
강병운,인물
강병일,인물
강병준,인물
강병찬,인물
강병철,인물
강병탁,인물
강병헌,인물
강병현,인물
강보,인물
강보라,인물
강복남,인물
강봉,인물
강봉균,인물
강봉룡,인물
강봉주,인물
강봉진,인물
강부,인물
강부약,인물
강부자,인물
강북,인물
강북구,키워드
강북구청,인물
강불,인물
강비,인물
강빈,인물
강빛,인물
강사,인물
강산,인물
강산에,인물
강삼,인물
강상,인물
강상면,장소
강상수,인물
강상우,인물
강상욱,인물
강상현,인물
강상호,인물
강상훈,인물
강서,장소
강서구,장소
강서구역,인물
강서구청역,인물
강서군,인물
강서면,인물
강서세무서,인물
강서영,인물
강석,인물
강석주,인물
강석진,인물
강석호,인물
강석훈,인물
강선,인물
강선영,인물
강선우,인물
강설,인물
강설량,인물
강성,인물
강성구,인물
강성대국,인물
강성만,인물
강성모,인물
강성민,인물
강성범,인물
강성수,인물
강성연,인물
강성용,인물
강성우,인물
강성욱,인물
강성원,인물
강성인,인물
강성재,인물
강성종,인물
강성주,인물
강성준,인물
강성진,인물
강성천,인물
강성태,인물
강성호,인물
강성환,인물
강성휘,인물
강성희,인물
강세,키워드
강세정,인물
강세현,인물
강세황,인물
강세훈,인물
강소,인물
강소기업,인물
강소라,인물
강소성,인물
강소연,인물
강소영,인물
강소윤,인물
강소현,인물
강송,인물
강쇠,인물
강수,인물
강수경,인물
강수량,키워드
강수민,인물
강수빈,인물
강수연,인물
강수영,인물
강수윤,인물
강수일,인물
강수진,인물
강수현,인물
강수형,인물
강숙희,인물
강순,인물
강숭훈,인물
강스,인물
강습,인물
강습상륙함,인물
강승건,인물
강승걸,인물
강승구,인물
강승규,인물
강승남,인물
강승모,인물
강승민,인물
강승연,인물
강승우,인물
강승원,인물
강승일,인물
강승제,인물
강승준,인물
강승철,인물
강승태,인물
강승혁,인물
강승현,인물
강승협,인물
강승호,인물
강승훈부장,인물
강승희,인물
강시,인물
강신,인물
강신국,인물
강신우,인물
강신욱,인물
강신원,인물
강신일,인물
강신호,인물
강신홍,인물
강심장,인물
강쌤,인물
강씨,인물
강아지,키워드
강아지풀,인물
강악,인물
강안,인물
강압,인물
강애,인물
강애남,인물
강약,인물
강양구,인물
강역,인물
강연,인물
강연서,인물
강연호,인물
강염기,인물
강영국,인물
강영미,인물
강영석,인물
강영수,인물
강영숙,인물
강영식,인물
강영욱,인물
강영은,인물
강영재,인물
강영준,인물
강영진,인물
강영호,인물
강영훈,인물
강영희,인물
강예서,인물
강예솔,인물
강예슬,인물
강예윤,인물
강예진,인물
강옥,인물
강온,인물
강왕,인물
강외,인물
강요,인물
강요식,인물
강요죄,인물
강용,인물
강용석,인물
강우,인물
강우규,인물
강우량,인물
강우석,인물
강우일,인물
강우진,인물
강우현,인물
강욱현,인물
강운경,인물
강운태,인물
강웅,인물
강원,장소
강원대학교,기관
강원도,장소
강원래,인물
강원랜드,기관
강원영동,인물
강월헌,인물
강위,인물
강유,인물
강유진,인물
강윤,인물
강윤구,인물
강윤서,인물
강윤정,인물
강윤주,인물
강윤지,인물
강은,인물
강은경,인물
강은교,인물
강은미,인물
강은수,인물
강은영,인물
강은주,인물
강은지,인물
강은혜,인물
강은희,인물
강의,인물
강의식,인물
강의실,인물
강익준,인물
강인,인물
강인규,인물
강인덕,인물
강인수,인물
강인숙,인물
강인원,인물
강인철,인물
강인희,인물
강일,인물
강일동,인물
강입자,인물
강자,인물
강자성,인물
강자성체,인물
강잠균,인물
강재,인물
강재구,인물
강재량,인물
강재준,인물
강쟁,인물
강적,인물
강전,인물
강절도,인물
강점,인물
강정,인물
강정고령보,인물
강정구,인물
강정동,인물
강정보,인물
강정수,인물
강정식,인물
강정아,인물
강정우,인물
강정원,인물
강정은,인물
강정항,인물
강정현,인물
강정혜,인물
강정호,인물
강정희,인물
강제,키워드
강제규,인물
강제노동,인물
강제수용소,인물
강제윤,인물
강제이행,인물
강제집행,인물
강제집행면탈죄,인물
강제징수,인물
강제추행,인물
강제추행죄,인물
강제해산,인물
강조,키워드
강조주간,인물
강종,인물
강종구,인물
강종문,인물
강종민,인물
강종석,인물
강종수,인물
강종순,인물
강종원,인물
강종현,인물
강종훈,인물
강좌,키워드
강좌멸,인물
강좌별,인물
강좌비,인물
강주,인물
강주현,인물
강주호,인물
강주희,인물
강준,인물
강준구,인물
강준만,인물
강준서,인물
강준석,인물
강준영,인물
강준혁,인물
강준호,인물
강중훈,인물
강쥐,인물
강지선,인물
강지수,인물
강지연,인물
강지영,인물
강지원,인물
강지은,인물
강지호,인물
강지훈,인물
강직,인물
강진,인물
강진군,장소
강진규,인물
강진면,인물
강진서,인물
강진석,인물
강진숙,인물
강진아,인물
강진영,인물
강진우,인물
강진욱,인물
강진읍,장소
강진호,인물
강진희,인물
강착,인물
강찬,인물
강찬우,인물
강창,인물
강창구,인물
강창묵,인물
강창선,인물
강창욱,인물
강창율,인물
강창학,인물
강창훈,인물
강창희,인물
강채,인물
강채영,인물
강천면,장소
강천보,인물
강천사,인물
강천산,키워드
강철,인물
강철규,인물
강철선,인물
강철원,인물
강청,인물
강체,인물
강촌,인물
강촌역,인물
강추,키워드
강추애,인물
강취해,인물
강취했다,인물
강치,인물
강타,인물
강탁균,인물
강탈,인물
강태,인물
강태공,키워드
강태기,인물
강태선,인물
강태숙,인물
강태영,인물
강태오,인물
강태우,인물
강태욱,인물
강태웅,인물
강태진,인물
강태홍,인물
강태환,인물
강태훈,인물
강토,인물
강퇴,인물
강특법,인물
강팀,인물
강판,인물
강평,인물
강평회,인물
강포,인물
강폭,인물
강풀,인물
강풍,인물
강필,인물
강하,인물
강하군,인물
강하나,인물
강하늘,인물
강하니,인물
강학,인물
강학주,인물
강한나,인물
강항,인물
강해웅,인물
강해원,인물
강해지니,인물
강해진,인물
강행,인물
강행규범,인물
강행규정,인물
강행법규,인물
강헌,인물
강혁,인물
강현,인물
강현규,인물
강현두,인물
강현면,인물
강현민,인물
강현석,인물
강현수,인물
강현아,인물
강현욱,인물
강현웅,인물
강현정,인물
강현주,인물
강현지,인물
강현태,인물
강형우,인물
강형욱,인물
강형철,인물
강혜련,인물
강혜미,인물
강혜순,인물
강혜승,인물
강혜연,인물
강혜정,인물
강호,키워드
강호동,인물
강호순,인물
강호인,인물
강화,키워드
강화군,장소
강화도,장소
강화도령,인물
강화도조약,인물
강화산성,인물
강화유리,인물
강화읍,인물
강화조약,인물
강황,인물
강회,인물
강효,인물
강효구,인물
강효송,인물
강효정,인물
강효주,인물
강훈,인물
강흥,인물
강흥순,인물
강희,인물
강희안,인물
강희제,인물
강희진,인물
강희창,인물
갖가지,키워드
갖은,인물
갗춘,인물
개각,인물
개각설,인물
개간,인물
개강,키워드
개개,인물
개개인,인물
개겨,인물
개경,인물
개고기,인물
개곳,인물
개과,인물
개과천선,인물
개관,키워드
개괄,인물
개광,인물
개교,키워드
개구,인물
개구리,인물
개구쟁이,인물
개국,키워드
개군면,인물
개굴개굴,키워드
개그,인물
개그맨,인물
개그스타,인물
개그우먼,인물
개그콘서트,인물
개근,인물
개글,인물
개금,인물
개금동,인물
개기월식,인물
개기일식,인물
개꼬리풀,인물
개꼴,인물
개꿀,인물
개나리,인물
개년,인물
개념,인물
개념화,인물
개대,인물
개덕,인물
개도,인물
개도국,장소
개동,인물
개돼지,인물
개두,인물
개딸,키워드
개똥,인물
개똥벌갱,인물
개똥벌레,인물
개똥이,인물
개띠,인물
개랭,인물
개략,인물
개량,인물
개러스,인물
개런드,인물
개런스,인물
개런티,인물
개런티드,인물
개런티로,인물
개론,인물
개류,인물
개리,인물
개리슨,인물
개마고원,인물
개마무사,인물
개막,키워드
개막식,인물
개막전,인물
개명,인물
개문,인물
개뭘,인물
개미,키워드
개미귀신,인물
개미산,인물
개미핥기,인물
개박,인물
개반,인물
개발,인물
개발도상국,인물
개발도상국가,인물
개발독재,인물
개발물량,인물
개발부담금,인물
개발원조,인물
개발이익,인물
개발자,인물
개발툴,인물
개밣,인물
개밤감,인물
개방,키워드
개방경제,인물
개방사회,인물
개법,인물
개벤저스,인물
개벽,인물
개변,인물
개별,인물
개보,인물
개복,인물
개복치,인물
개봉,키워드
개봉관,인물
개봉동,인물
개봉역,인물
개봉일,인물
개부,인물
개불,인물
개불알풀,인물
개비,인물
개빈,인물
개사,인물
개산,인물
개살구,인물
개선,키워드
개선문,키워드
개설,키워드
개섬,인물
개성,장소
개성관광,인물
개성시,인물
개소,인물
개소겡,인물
개소식,키워드
개속,인물
개손,인물
개수,인물
개수대,인물
개순,인물
개스킷,인물
개시,키워드
개식,인물
개신교,기관
개신교도,인물
개신교회,인물
개신동,인물
개심,인물
개심사,인물
개싸움,인물
개썰매,인물
개쑥갓,인물
개악,인물
개암,인물
개야도,인물
개양귀비,인물
개업,인물
개역,인물
개역개정,인물
개연,인물
개영,인물
개외,인물
개요,인물
개운,인물
개운동,인물
개운산,인물
개울,인물
개원,키워드
개월,인물
개월내,인물
개월뒤,인물
개월물,인물
개월별,인물
개월새,인물
개월여,인물
개월일,인물
개월임,인물
개월입,인물
개월재,인물
개월전,인물
개월정,인물
개월제,인물
개월차,인물
개월치,인물
개월후,인물
개위,인물
개읍,인물
개의,인물
개이득,인물
개인,키워드
개인기업,인물
개인맞춤,인물
개인산,인물
개인숭배,인물
개인스,인물
개인실,인물
개인유전체,인물
개인정보,인물
개인정보보호법,인물
개인정보자기결정권,인물
개인주의,인물
개인키,인물
개인화,인물
개인화기,인물
개일,인물
개임,인물
개입,키워드
개작,인물
개장,인물
개재,인물
개전,인물
개전포격,인물
개점,인물
개점휴업,인물
개정,키워드
개정동,인물
개정면,인물
개정안,인물
개정판,인물
개제,인물
개조,인물
개조차,인물
개존,인물
개존증,인물
개종,인물
개좌,인물
개죄,인물
개중,인물
개지,인물
개진,인물
개진면,인물
개짐,인물
개집,인물
개집표기,인물
개착,인물
개찰,인물
개찰구,인물
개창,인물
개처,인물
개척,인물
개천,장소
개천설,인물
개천예술제,인물
개천절,인물
개청,인물
개청일,인물
개체,인물
개체군,인물
개촌,인물
개최,키워드
개축,인물
개취,인물
개츠비,인물
개층,인물
개칭,인물
개칭됐,인물
개칭됐다,인물
개칭한다,인물
개칭했,인물
개칭했다,인물
개코,인물
개콘,인물
개쿠,인물
개탄,인물
개탈,인물
개태사,인물
개터,인물
개털,인물
개토,인물
개통,키워드
개티,인물
개팀,인물
개판,인물
개편,키워드
개편안,인물
개평,인물
개폐,인물
개폐기,인물
개포,인물
개포동,인물
개표,인물
개표기,인물
개풍,인물
개풍군,인물
개프,인물
개피,인물
개학,인물
개함,인물
개합,인물
개항,인물
개행,인물
개헌,인물
개헌안,인물
개헌특위,인물
개헤엄,인물
개혁,인물
개혁개방,인물
개혁교회,인물
개혁운동,인물
개혁주의자,인물
개혁파,인물
개현,인물
개호,인물
개홀,인물
개화,인물
개화당,인물
개화파,인물
개활지,인물
개황,인물
개회,키워드
개획,인물
개훌륭,인물
개흉,인물
객관,인물
객관성,인물
객관주의자,인물
객기,인물
객담,인물
객리,인물
객사,인물
객석,인물
객선,인물
객수,인물
객승,인물
객실,인물
객실룸,인물
객심,인물
객원,기관
객인,인물
객입,인물
객잔,인물
객주,인물
객지,인물
객쩍,인물
객차,인물
객체,인물
객체지향,인물
객토,인물
객하,인물
객해,인물
객향,인물
객혈,인물
객회,인물
갠더,인물
갠지스강,인물
갤러리,인물
갤러리아,인물
갤럭시,키워드
갤럭시탭,인물
갤럭틱,인물
갤런,인물
갤럽,인물
갤로퍼,인물
갤버스턴,인물
갤브,인물
갤폴드,인물
갤플,인물
갬플러,인물
갭이어,인물
갯고랑,인물
갯골,키워드
갯골축제,인물
갯돌,인물
갯매꽃,인물
갯바위,인물
갯배,인물
갯버들,인물
갯벌,키워드
갯빛,인물
갯소,인물
갯수,인물
갯장어,인물
갯지렁이,인물
갱구,인물
갱내,인물
갱년기,인물
갱단,인물
갱도,인물
갱산,인물
갱생,인물
갱스,인물
갱스터,인물
갱신,인물
갱위,인물
갱폼,인물
갸루,인물
갸웃거렸다,인물
갸웃거릴,인물
걍력,인물
걔네,인물
거가,인물
거가대교,인물
거가대로,인물
거간,인물
거거익선,인물
거것,인물
거관,인물
거구,인물
거국,인물
거귀,인물
거금,인물
거금도,인물
거기,인물
거길,인물
거너,인물
거널,인물
거노,인물
거누,인물
거늘,인물
거니,인물
거닌,인물
거닌다,인물
거닙,인물
거담제,인물
거대,키워드
거대도시,인물
거더,인물
거더교,인물
거덜,인물
거덜날,인물
거도,인물
거동,인물
거동수상자,인물
거두,인물
거드럭거리,인물
거드름,인물
거듭제곱,인물
거란,인물
거란문자,인물
거란족,인물
거랍니,인물
거래,키워드
거래량,키워드
거래물량,인물
거래소,기관
거래처,키워드
거랫,인물
거랭일,인물
거랴일,인물
거량,인물
거려,인물
거렸,인물
거렸는데,인물
거렸다,인물
거렸던,인물
거렸습,인물
거렸습니,인물
거렸어,인물
거론,인물
거룩,인물
거룽후이,인물
거류,인물
거르,인물
거르거,인물
거르기,인물
거르는데,인물
거르면,인물
거른,인물
거른다,인물
거름,인물
거리,키워드
거리공연,인물
거리미술,인물
거리예술,인물
거린,인물
거릴,인물
거림,인물
거립니,인물
거만,인물
거망,인물
거망산,인물
거머,인물
거머리,인물
거머쥐,인물
거멓,인물
거명,키워드
거목,인물
거무,인물
거무스레,인물
거문,인물
거문고,인물
거문도,장소
거문오름,인물
거물,인물
거뭇,인물
거뭇거뭇,인물
거미,인물
거미류,인물
거미줄,인물
거미집,키워드
거버,인물
거버넌,인물
거버넌스,인물
거버넌스로,인물
거버넌스로서,인물
거버넌스센터,인물
거버넌스적,인물
거버넌스카운슬,인물
거버넌스협의체,인물
거버넌스협의회,인물
거봉,인물
거봉값,인물
거부,키워드
거부권,인물
거부기,인물
거부처분,인물
거북,인물
거북놀이,인물
거북목,인물
거북선,인물
거북섬,인물
거북이,인물
거브,인물
거사,인물
거산,인물
거상,인물
거성,인물
거세,인물
거셀,인물
거셨는데,인물
거소,인물
거수,인물
거수경례,인물
거수기,인물
거쉰,인물
거슈윈,인물
거스,인물
거스른,인물
거스른다,인물
거스를까,인물
거스를까봐,인물
거스름,인물
거스통,인물
거스틴,인물
거슬러,인물
거슬러가,인물
거슬렀다,인물
거시,인물
거시경제,인물
거식증,인물
거신,인물
거실,인물
거악,인물
거액,인물
거양,인물
거여,인물
거여동,인물
거역,인물
거열,인물
거욱,인물
거울,인물
거월,인물
거웠으,인물
거위,인물
거위벌레,인물
거윅,인물
거유,인물
거의,인물
거인,인물
거일,인물
거임,인물
거장,키워드
거저,인물
거절,인물
거점,인물
거점국립대,인물
거점도시,인물
거접,인물
거정,인물
거제,키워드
거제도,인물
거제시,장소
거족,인물
거주,키워드
거주지,인물
거죽,인물
거중,인물
거쥬,인물
거즈,인물
거증,인물
거지,인물
거진읍,인물
거진항,인물
거짓,키워드
거짓말,인물
거짓말쟁이,인물
거징,인물
거창,장소
거창군,기관
거창읍,장소
거처,인물
거체,인물
거초,인물
거취,인물
거츠,인물
거츠러진,인물
거치,인물
거탄,인물
거택,인물
거톡,인물
거통,인물
거트지,인물
거티,인물
거티브,인물
거포,인물
거푸,인물
거푸집,인물
거품,인물
거품경제,인물
거피,인물
거함,인물
거항,인물
거행,인물
걱오일,인물
걱정,키워드
걱정거리,인물
건가,인물
건각,인물
건감,인물
건강,키워드
건강검진,인물
건강미,인물
건강악화,인물
건개,인물
건건,인물
건경,인물
건고,인물
건곤,인물
건광,인물
건교,인물
건교부,인물
건교위,인물
건국,인물
건국강령,인물
건국기념일,인물
건국대,인물
건국절,인물
건기,인물
건꼴,인물
건너,인물
건너편,인물
건넌방,인물
건널목,인물
건넛마을,인물
건다,인물
건달,인물
건담,인물
건대,인물
건더,인물
건더기,인물
건데,인물
건로,인물
건륭제,인물
건립,키워드
건마,인물
건만,인물
건망증,인물
건맥,인물
건면,인물
건문,인물
건물,키워드
건물붕괴,인물
건반,인물
건반악기,인물
건배,인물
건버넌스,인물
건별,인물
건보,키워드
건복,인물
건봉,인물
건봉사,인물
건불,인물
건브렐,인물
건빵,인물
건사,인물
건산법,인물
건산연,인물
건생,인물
건선,키워드
건설,키워드
건설량,인물
건설부,인물
건설업,키워드
건설청,인물
건성,인물
건소,인물
건솔리,인물
건쇼,인물
건수,인물
건술,인물
건스,인물
건습,인물
건승,인물
건시,인물
건신,인물
건실,인물
건양,인물
건양대,키워드
건어,인물
건어물,인물
건업,인물
건염,인물
건영,인물
건우,인물
건원,인물
건원릉,인물
건의,인물
건일,인물
건임,인물
건입동,인물
건장,인물
건재,인물
건전,인물
건전성,인물
건전지,인물
건조,키워드
건조기,인물
건조기후,인물
건조대,인물
건조물,인물
건조장,인물
건종,인물
건중,인물
건지산,인물
건지섬,인물
건채,인물
건천,인물
건천읍,인물
건청,인물
건청궁,인물
건초,인물
건초염,인물
건축,키워드
건축가,인물
건축물,키워드
건축법,인물
건축사,기관
건축상,키워드
건축학,인물
건축학개론,인물
건칠불,인물
건투,인물
건틀렛,인물
건페율,인물
건평,인물
건폐율,인물
건포도,인물
건폭,인물
건학,인물
건현,인물
건협,인물
건형,인물
건호,인물
건화,인물
건흥,인물
건희,인물
걷기,인물
걷이,인물
걷쥬,인물
걸궁,인물
걸그룹,키워드
걸때,인물
걸렀는,인물
걸렀는데,인물
걸렀단,인물
걸렀으,인물
걸레,인물
걸레질,인물
걸로,인물
걸리버,인물
걸머,인물
걸법,인물
걸상,인물
걸설,인물
걸쇠,인물
걸스,인물
걸스데이,인물
걸스카우트,인물
걸스토크,인물
걸알,인물
걸왕,인물
걸윙,인물
걸음,키워드
걸음걸이,인물
걸이,인물
걸인,인물
걸임,인물
걸작,인물
걸정,인물
걸죽,인물
걸즈,인물
걸쩍,인물
걸처,인물
걸터,인물
걸포,인물
걸포동,인물
걸프,인물
걸프렌드,인물
걸프만,인물
걸프스트림,인물
걸프전,인물
걸프전쟁,인물
걸핏하면,인물
검강,인물
검객,인물
검거,키워드
검검,인물
검경,인물
검국,인물
검남,인물
검단,키워드
검단동,인물
검단산,장소
검댕,인물
검댕망가베이,인물
검도,장소
검도인,인물
검둥,인물
검둥이,인물
검룡,인물
검룡소,인물
검멀레,인물
검무,인물
검문,인물
검문소,인물
검버섯,인물
검버자브,인물
검사,키워드
검사관,인물
검사동,인물
검사물량,인물
검산,인물
검삿감,인물
검색,인물
검색량,인물
검색어,인물
검색툴,인물
검소,인물
검속,인물
검수,인물
검술,인물
검시,인물
검시관,인물
검안,인물
검암,인물
검암역,인물
검역,인물
검열,기관
검은색,인물
검인,인물
검장,인물
검정,장소
검정고시,인물
검정망둑,인물
검정색,인물
검증,키워드
검증툴,인물
검지,인물
검진,키워드
검진기,인물
검차,인물
검찰,기관
검찰관,인물
검찰소환,인물
검찰조사,인물
검찰청,인물
검찰청장,인물
검찰총장,인물
검창,인물
검체,인물
검출기,인물
검출량,인물
검침,인물
검침원,키워드
검콤,인물
검토,키워드
검투,인물
검투사,인물
검판,인물
검표,인물
검품,인물
검항,인물
겁결,인물
겁박,인물
겁외,인물
겁쟁이,인물
겁증,인물
겁탈,인물
것것,인물
것등,인물
것로,인물
것외,인물
것으,인물
것으러,인물
것이냔,인물
것이랴,인물
것이므,인물
것일,인물
것임,인물
것입,인물
겅강,인물
겅국,인물
겅솽,인물
겉감,인물
겉껍질,인물
겉도,인물
겉돈,인물
겉돌,인물
겉멋,인물
겉면,인물
겉모습,인물
겉모양,인물
겉바,인물
겉바속쫀,인물
겉바손쫀,인물
겉보기,인물
겉옷,인물
겉잎,인물
겉절이,인물
겉치,인물
게걸,인물
게게,인물
게공,인물
게금,인물
게놈,인물
게놈프로젝트,인물
게다,인물
게다가,인물
게더,인물
게더링,인물
게데,인물
게라,인물
게랭,인물
게레로,인물
게로,인물
게류,인물
게르,인물
게르니카,인물
게르마늄,인물
게르만,인물
게르만족,인물
게르치,인물
게를라흐,인물
게를라흐시,인물
게리,인물
게리르,인물
게리맨더링,인물
게릴라,인물
게릴라전,인물
게링,인물
게맛살,인물
게뭐약,인물
게바,인물
게바라,인물
게브,인물
게비,인물
게살,인물
게속,인물
게송,인물
게쉬,인물
게스,기관
게스트,기관
게스트하우스,키워드
게시,키워드
게시판,키워드
게실,인물
게실염,인물
게실증,인물
게약,인물
게양,인물
게오르크,인물
게웃,인물
게으름,인물
게으름뱅이,인물
게이,인물
게이고,인물
게이단렌,인물
게이머,인물
게이머스,인물
게이미피케이션,인물
게이밍,인물
게이밍존,인물
게이샤,인물
게이오,인물
게이오기주쿠,인물
게이오대,인물
게이조,인물
게이지,인물
게이츠,인물
게이코,인물
게이타,인물
게이트,기관
게이트볼,기관
게이트웨이,인물
게이트키핑,인물
게이트플라워즈,인물
게인,인물
게인스빌,인물
게인즈빌,인물
게일,인물
게임,키워드
게임개발,인물
게임개발사,인물
게임개발자,인물
게임기,인물
게임룸,인물
게임머니,인물
게임메카,인물
게임방,인물
게임빌,인물
게임상,인물
게임쇼,인물
게임스,인물
게임스컴,인물
게임스탑,인물
게임스톱,인물
게임씬,인물
게임위,기관
게임장르,인물
게임제작,인물
게임제작사,인물
게임중독,인물
게임판타지,인물
게임패드,인물
게임학,인물
게임학습,인물
게임화,인물
게입,인물
게자리,인물
게잡,인물
게장,인물
게재,인물
게첨,인물
게최,인물
게코,인물
게타,인물
게토,인물
게토레이,인물
게티,인물
게티임지버,인물
게티즈버그,인물
게펜,인물
게피티닙,인물
게하르트,인물
게획,인물
겐고,인물
겐다,인물
겐다이,인물
겐도르프,인물
겐소,인물
겐슬러,인물
겐자부,인물
겐조,인물
겐지,인물
겐지모노가타리,인물
겐치,인물
겐코,인물
겐타,인물
겐트,인물
겐팅,인물
겔라,인물
겔라다,인물
겔랑,인물
겔로,인물
겔루웨,인물
겔버,인물
겔싱어,인물
겔타입,인물
겜심,인물
겜프,인물
겟백,인물
겟생,인물
겟생러,인물
겟어웨이,인물
겟업,인물
겟올라잇,인물
겟주,인물
겟차,인물
겟커피,인물
겟팅,인물
겨날,인물
겨날판,인물
겨낭,인물
겨낭해,인물
겨냥,인물
겨녕해,인물
겨누,인물
겨누기,인물
겨누었다,인물
겨눈,인물
겨눌,인물
겨눠,인물
겨눠진,인물
겨눴,인물
겨눴다,인물
겨눴던,인물
겨드랑이,인물
겨드랑이털,인물
겨레,인물
겨례,인물
겨루기,인물
겨를,인물
겨엦적,인물
겨온,인물
겨우,인물
겨우내,인물
겨울,키워드
겨울나기,인물
겨울방학,인물
겨울스포츠,인물
겨울연가,인물
겨울왕국,인물
겨울잠,인물
겨울철,키워드
겨울철새,인물
겨웠던,인물
겨자,키워드
겨자씨,인물
겨질,인물
겨찰,인물
겨층,인물
격감,인물
격검,인물
격검침,인물
격군,인물
격난,인물
격납,인물
격납고,인물
격납하,인물
격년,인물
격년제,인물
격노,인물
격는,인물
격도,인물
격돌,키워드
격동,인물
격랑,인물
격려,인물
격렬,인물
격렬비열도,인물
격론,인물
격류,인물
격률,인물
격리,인물
격멸,인물
격멸하,인물
격멸할,인물
격멸해,인물
격무,인물
격무부,인물
격문,인물
격물치지,인물
격발,인물
격방,인물
격벽,인물
격변,인물
격분,인물
격살,인물
격상,인물
격세지감,인물
격식,인물
격실,인물
격심,인물
격앙,인물
격양된,인물
격언,인물
격오,인물
격오지,인물
격월,인물
격월제,인물
격음,인물
격의,인물
격인,인물
격일,인물
격임,인물
격입,인물
격입니,인물
격자,인물
격전,인물
격정,인물
격조,인물
격조사,인물
격주,키워드
격증,인물
격진,인물
격차,키워드
격찬,인물
격추,인물
격침,인물
격통,인물
격퇴,인물
격투,인물
격투가,인물
격투게임,인물
격투기,인물
격투씬,인물
격파,인물
격포,인물
격포바,인물
격포항,인물
격프,인물
격하,인물
격하돼,인물
격하하,인물
격해,인물
격했다,인물
격화,인물
격화돼,인물
격화되,인물
격화되기,인물
격화된,인물
격화될,인물
격화할,인물
격황,인물
견갑,인물
견갑골,인물
견갑하근,인물
견강,인물
견강부회,인물
견격,인물
견결,인물
견고,인물
견공,인물
견공들,인물
견과,인물
견과류,인물
견권,인물
견내량,인물
견도,인물
견들,인물
견마,인물
견묘,인물
견문,인물
견본,인물
견본주택,인물
견봉,인물
견사,인물
견산,인물
견생,인물
견생역전,인물
견성성불,인물
견소동,인물
견습,인물
견시,인물
견실,인물
견실시공,인물
견실해,인물
견실화,인물
견실히,인물
견완,인물
견용,인물
견우,인물
견인,인물
견인차,인물
견인포,인물
견장,인물
견재,인물
견재했다,인물
견적,인물
견제,인물
견제구,인물
견조,키워드
견조하,인물
견조할,인물
견조함,인물
견조했,인물
견종,인물
견종들,인물
견종백,인물
견주,인물
견주기,인물
견주던,인물
견주들,인물
견주어,인물
견주용,인물
견준,인물
견줄,인물
견줄만,인물
견줍니,인물
견줘,인물
견줘보,인물
견줘서,인물
견줬,인물
견지,인물
견지동,인물
견지하,인물
견지할,인물
견지함,인물
견지해,인물
견착식,인물
견책,인물
견치,인물
견학,인물
견해,인물
견협,인물
견훤,인물
겯기,인물
결가부좌,인물
결격,인물
결결결결,인물
결과,키워드
결과물,인물
결괍니,인물
결괏값,인물
결구,인물
결굴,인물
결근,인물
결기,인물
결단,인물
결렬,키워드
결례,인물
결로,인물
결론,인물
결막,인물
결막염,인물
결말,인물
결명자,인물
결박,인물
결방,인물
결백,인물
결벽증,인물
결별,인물
결별설,인물
결부,인물
결빙,인물
결사,인물
결산,인물
결석,인물
결선,키워드
결선투표제,인물
결성,인물
결속,인물
결손,인물
결슬전,인물
결승,키워드
결승골,인물
결승선,키워드
결승전,장소
결시,인물
결식,인물
결실,인물
결심,키워드
결여,인물
결연,인물
결운리,인물
결원,인물
결위,인물
결의,키워드
결장,인물
결재,인물
결전,인물
결절,인물
결점,인물
결정,키워드
결정구조,인물
결정론,인물
결정성,인물
결정전,인물
결정족,인물
결정화,인물
결제,키워드
결졍,인물
결졍되,인물
결집,인물
결착,인물
결찰,인물
결찰사,인물
결찰술,인물
결체,인물
결탁,인물
결투,인물
결특,인물
결특위,인물
결판,인물
결품,인물
결핍,인물
결하,인물
결함,키워드
결합,인물
결합도,인물
결합물,인물
결합부,인물
결합조직,인물
결합체,인물
결합함,인물
결항,인물
결항률,인물
결항편,인물
결핵,키워드
결핵균,인물
결행,인물
결호,인물
결혼,키워드
결혼기념일,인물
결혼반지,인물
결혼사진,인물
결혼설,인물
결혼식,키워드
결혼식장,키워드
결혼행진곡,인물
겸무,인물
겸비,인물
겸사겸사,인물
겸사복,인물
겸상,인물
겸손,인물
겸업,인물
겸역,인물
겸영,인물
겸용,인물
겸임,인물
겸임교,인물
겸자,인물
겸재,인물
겸직,인물
겸허,인물
겹겹,인물
겹겹이,인물
겹눈,인물
겹살,인물
겹습니,인물
겹악재,인물
겹줄,인물
겹집,인물
겹채,인물
겹처,인물
겹춤,인물
겹치기,인물
겹친,인물
겹칠,인물
겹합,인물
경각,인물
경간,인물
경감,인물
경강로,인물
경거,인물
경건,인물
경경,인물
경계,키워드
경고,키워드
경골,인물
경공업,인물
경과,인물
경관,인물
경교장,인물
경구,키워드
경국,인물
경국대전,인물
경국호,인물
경규,인물
경근,인물
경기,장소
경기대,기관
경기도,장소
경기일정,인물
경기장,장소
경남,장소
경남대,인물
경납,인물
경내,인물
경단,인물
경당,인물
경대,인물
경대수,인물
경대승,인물
경덕,인물
경덕왕,인물
경도,인물
경도시,인물
경동,인물
경동고,인물
경동나비엔,인물
경동대,인물
경동로,인물
경동맥,인물
경동선,인물
경동제약,인물
경락,인물
경랭패딩,인물
경량,키워드
경량전철,인물
경레,인물
경력,키워드
경련,인물
경례,인물
경로,인물
경로당,기관
경로보훈,인물
경로적분,인물
경루,인물
경륜,인물
경리,인물
경마,인물
경마장,인물
경만,인물
경매,키워드
경멸,인물
경멸감,인물
경명,인물
경명로,인물
경무,인물
경무관,인물
경무대,인물
경문고,인물
경물,인물
경미,인물
경민,인물
경민대,인물
경민이,인물
경박,인물
경방,인물
경배,인물
경범,인물
경범죄,인물
경보,인물
경보기,인물
경복,인물
경복고,인물
경복궁,키워드
경복궁관리소,인물
경복궁역,인물
경복대,인물
경봉,인물
경부,인물
경북,장소
경비,키워드
경비실,인물
경비원,인물
경비정,인물
경비지도사,인물
경비행기,인물
경빈,인물
경사,인물
경사면,인물
경산,기관
경산군,인물
경산시,기관
경산시장,인물
경산시청,인물
경삼,인물
경상,장소
경상감영,인물
경상남도,키워드
경상남도교육감,인물
경상남도교육청,인물
경상남도마산의료원,인물
경상남도의회,인물
경상남도지사,인물
경상남도청,인물
경상대,인물
경상대로,인물
경상도,장소
경상방언,인물
경상북도,장소
경상북도교육청,기관
경상북도의회,인물
경상북도지사,인물
경상북도청,인물
경상수지,인물
경상우수사,인물
경상일보,인물
경상좌도병영성,인물
경색,인물
경서,인물
경서동,인물
경석,인물
경선,키워드
경성,인물
경성감옥,인물
경성대,인물
경성방송국,인물
경성신사,인물
경성역,인물
경성우편국,인물
경성일보,인물
경솔,인물
경수,인물
경수대로,인물
경수로,인물
경수진,인물
경숙,인물
경순양함,인물
경순왕,인물
경술,인물
경술국치,인물
경시,인물
경시청,인물
경식,인물
경신,인물
경신대기근,인물
경신참변,인물
경실련,인물
경아,인물
경악,인물
경안,인물
경안고,인물
경안동,인물
경안천,인물
경암,인물
경양,인물
경양방죽,인물
경엄전,인물
경업금지의무,인물
경연,인물
경염,인물
경영,키워드
경영인,인물
경영정보,인물
경영정보학,인물
경영직,인물
경영학,인물
경영학석사,인물
경오,인물
경옥,인물
경옥고,인물
경외감,인물
경요,인물
경우,인물
경운,인물
경운기,인물
경운대,인물
경운동,인물
경원,인물
경원고,인물
경원군,인물
경원대,인물
경원대로,인물
경원선,인물
경위,기관
경위서,인물
경유,인물
경윳값,인물
경윳값등,인물
경은,인물
경음기,인물
경음악,인물
경의,인물
경의선,인물
경이,키워드
경인,키워드
경인가도,인물
경인고,인물
경인교대,인물
경인교육대,인물
경인로,인물
경인선,인물
경인아라뱃길,인물
경인에너지,인물
경인여대,인물
경인일보,기관
경인지방통계청,기관
경일,인물
경일대,기관
경일여고,인물
경자,인물
경작,인물
경작지,인물
경장,인물
경쟁,키워드
경쟁력,키워드
경쟁률,키워드
경쟁법,인물
경쟁심,인물
경쟁우위,인물
경쟁자,인물
경적,키워드
경전,인물
경전선,인물
경전차,인물
경전철,인물
경전투기,인물
경정,인물
경제,키워드
경제개발,인물
경제공황,인물
경제권,키워드
경제기획원,인물
경제대공황,인물
경제력,인물
경제민주화,인물
경제범죄,인물
경제부총리,인물
경제사,인물
경제사회학,인물
경제산업성,인물
경제성,키워드
경제성장,인물
경제성장률,인물
경제세미나,인물
경제예측,인물
경제원,인물
경제위기,인물
경제정책,인물
경제지수,인물
경제지표,인물
경제체제,인물
경제통합,키워드
경제특구,인물
경제포커스,인물
경제학,인물
경제학상,인물
경제학자,인물
경제활동,인물
경젭니,인물
경조,인물
경조사,인물
경조증,인물
경종,인물
경주,기관
경주고,인물
경주공고,인물
경주교,인물
경주나들목,인물
경주남산,인물
경주대,인물
경주로,인물
경주마,키워드
경주시,인물
경주시장,인물
경주시청,기관
경주엑스포,인물
경주여자정보고,인물
경주역,인물
경주우체국,인물
경주월드,인물
경주읍,인물
경주읍성,인물
경주중,인물
경주타워,인물
경준,인물
경지,인물
경직,인물
경진,인물
경질,인물
경차,인물
경찰,기관
경찰견,기관
경찰공제회,인물
경찰관,키워드
경찰권,인물
경찰기구,인물
경찰기동대,인물
경찰대,인물
경찰병원,인물
경찰복,인물
경찰봉,인물
경찰서,키워드
경찰직협,인물
경찰차,인물
경찰청,기관
경찰청장,기관
경찰특공대,인물
경찰학,인물
경찰학자,인물
경창,인물
경책,인물
경천,인물
경천교,인물
경천사,인물
경첩,인물
경청,기관
경추,인물
경축,인물
경춘국도,인물
경춘로,인물
경춘선,인물
경치,인물
경칩,인물
경칭,인물
경콘진,기관
경탄,인물
경태,인물
경판,인물
경평,인물
경포,인물
경포대,인물
경포동,인물
경포해수욕장,인물
경포호,인물
경품,인물
경필,인물
경하,인물
경학,인물
경합,인물
경합주,인물
경항공모함,인물
경해,인물
경향,인물
경향신문,기관
경향신문사,인물
경험,키워드
경험치,인물
경험칙,인물
경협,인물
경협논,인물
경협단,인물
경협위,인물
경협특구,인물
경호,인물
경호실,인물
경호원,키워드
경호처,인물
경화,장소
경황,인물
경회루,인물
경후,인물
경흥,인물
경희,인물
경희궁,인물
경희대,기관
경희대로,인물
경희대학교,기관
경희사이버대,인물
경희의료원,키워드
곁가지,인물
곁눈,인물
곁눈질,인물
계간,인물
계간지,키워드
계감,인물
계감액,인물
계견,인물
계고,인물
계고서,인물
계곡,키워드
계곡면,인물
계관시인,인물
계교,인물
계급,인물
계급의식,인물
계급투쟁,인물
계기,키워드
계기교육,인물
계기비행,인물
계나,기관
계나리,인물
계남,인물
계남면,인물
계단,키워드
계대,인물
계도,인물
계동,장소
계란,인물
계란말이,인물
계란찜,인물
계란판,인물
계란프라이,인물
계란후라이,인물
계략,인물
계량,인물
계량경제학자,인물
계량기,키워드
계량컵,인물
계로,인물
계룡,키워드
계룡대,기관
계룡대근무지원단,인물
계룡로,인물
계룡산,인물
계룡시,장소
계류,인물
계륜미,인물
계륵,인물
계리,인물
계림,인물
계림동,인물
계림로,인물
계망,인물
계면,인물
계면활성제,인물
계명,인물
계명대,기관
계명대역,인물
계모,인물
계모임,인물
계몽,키워드
계몽군주,인물
계몽운동,인물
계묘,인물
계묘년,인물
계미,인물
계발,인물
계방,인물
계백,인물
계백로,인물
계범,인물
계보,인물
계본,인물
계봉우,인물
계부,인물
계비,인물
계사,인물
계산,장소
계산과학,인물
계산기,인물
계산동,인물
계산량,인물
계산법,인물
계산서,인물
계산성당,인물
계산수,인물
계산통계학,인물
계서,인물
계선,인물
계설,인물
계성고,인물
계성여고,인물
계세,인물
계속,인물
계속될런,인물
계수,인물
계수기,인물
계수나무,인물
계수동,인물
계수영,인물
계승,키워드
계승현,인물
계시,인물
계시록,인물
계신웅,인물
계심,인물
계쏙,인물
계씨,인물
계약,키워드
계약금,인물
계약물량,인물
계약법,인물
계약보증금,인물
계약서,인물
계약위반,인물
계약인수,인물
계약해제,인물
계약해지,인물
계양,키워드
계양구,인물
계양로,인물
계양산,기관
계양역,장소
계양천,인물
계엄,인물
계엄령,인물
계업,인물
계열,키워드
계영,인물
계원,인물
계원예대,인물
계원예술대,인물
계유,인물
계육,인물
계율,인물
계은숙,인물
계이,인물
계자,인물
계장,인물
계전,인물
계전기,인물
계절,키워드
계절풍,인물
계정,인물
계정과목,인물
계정수,인물
계정은,인물
계정일,인물
계제,인물
계졀,인물
계족산,장소
계좌,인물
계죄,인물
계주,인물
계지,인물
계지원,인물
계집,인물
계책,인물
계촌,인물
계취,인물
계측기,인물
계측장비,인물
계층,키워드
계통,인물
계통학,인물
계투,인물
계특,인물
계파,인물
계폭,인물
계피,인물
계함,인물
계해,인물
계호,인물
계홍,인물
계화면,인물
계확,인물
계회,인물
계획,키워드
계획경제,인물
계획도시,인물
계획량,인물
계획성,인물
계훈,인물
곗돈,인물
고가,키워드
고가교,인물
고가도,인물
고가도로,인물
고가용성,인물
고가차도,인물
고각,인물
고간,인물
고갈,인물
고개,인물
고객,키워드
고객감동,인물
고객정보,인물
고갯길,인물
고갯짓,인물
고갱,인물
고거,인물
고건,인물
고견,인물
고결,인물
고경,인물
고경면,인물
고경명,인물
고경모,인물
고경수,인물
고경태,인물
고경표,인물
고경희,인물
고고,인물
고고학,인물
고고학자,인물
고골,인물
고공,인물
고과,인물
고관,인물
고광만,인물
고광민,인물
고광완,인물
고광택,인물
고교,키워드
고교생,키워드
고교시절,인물
고교야구,인물
고교평준화,인물
고구,인물
고구려,장소
고구려인,인물
고구마,장소
고국,키워드
고군산군도,인물
고군택,인물
고궁,인물
고규필,인물
고규홍,인물
고글,인물
고금,장소
고금도,기관
고금록,인물
고금면,인물
고급,키워드
고기,인물
고기구,인물
고기구이,인물
고기국수,인물
고기만,인물
고기소,인물
고기압,인물
고기잡이,인물
고기잡이배,인물
고기호,인물
고길곤,인물
고깃배,인물
고깃집,인물
고깔,인물
고꼿,인물
고난,인물
고남면,인물
고내포구,인물
고뇌,인물
고니시,인물
고니오,인물
고다,인물
고다드,인물
고다르,인물
고다마,인물
고다이바,인물
고단,인물
고달면,인물
고담,인물
고당,인물
고대,인물
고대로,인물
고덕,장소
고덕동,인물
고덕면,장소
고덕역,인물
고덕천,인물
고덕평생학습관,인물
고도,키워드
고도원,인물
고도현,인물
고도화,인물
고독,인물
고독감,인물
고독사,인물
고동,인물
고동색,인물
고동진,인물
고동현,인물
고두심,인물
고두환,인물
고둥,인물
고드너미재,인물
고드름,인물
고드윈,인물
고든,인물
고들빼기,인물
고등,인물
고등고시,인물
고등교육,인물
고등동,인물
고등법원,인물
고등어,인물
고등재판소,기관
고등판무관,인물
고등학교,키워드
고등학생,키워드
고딕,키워드
고딕체,인물
고딩,인물
고라,인물
고라니,인물
고라파덕,인물
고락,인물
고람,인물
고랑,인물
고래,인물
고래고기,인물
고래고래,인물
고래류,인물
고래사냥,인물
고래상어,인물
고래잡이,인물
고랭,인물
고랭지,인물
고랭지농업,인물
고량,인물
고량주,인물
고레,키워드
고레츠카,인물
고레티,인물
고려,장소
고려가요,인물
고려개발,인물
고려공산당,인물
고려국,인물
고려대,기관
고려대병원,인물
고려대학교,인물
고려대학교병원,인물
고려대학교의료원,인물
고려도경,인물
고려말,인물
고려민주련방공화국,인물
고려병원,인물
고려불화,인물
고려사,인물
고려사이버,인물
고려시대,인물
고려아연,인물
고려연방제,인물
고려의학,인물
고려인,키워드
고려인삼,인물
고려장,인물
고려제강,인물
고려조,인물
고려청자,인물
고려항공,인물
고령,키워드
고령군,인물
고령자,인물
고령토,인물
고령화,키워드
고령화사회,인물
고로,인물
고로몬치,인물
고로쇠,인물
고로아와세,인물
고로케,인물
고료,인물
고루,인물
고르곤,인물
고르바초프,인물
고름,인물
고리,인물
고리대금,인물
고리대금업,인물
고리원전,인물
고린내,인물
고릴라,인물
고릴라글래스,인물
고릴라즈,인물
고림동,인물
고립,인물
고립계,인물
고립무원,인물
고마,인물
고마쓰,인물
고마움,인물
고마츠,인물
고막,인물
고말숙,인물
고매,인물
고메스,인물
고메즈,인물
고메햄퍼,인물
고명,인물
고명진,인물
고명환,인물
고모,인물
고모라,인물
고모부,인물
고모씨,인물
고모역,인물
고목,인물
고몽,인물
고무,인물
고무나무,인물
고무동력기,인물
고무밴드,인물
고무신,인물
고무장갑,인물
고무줄,인물
고문,인물
고문가,인물
고문서,키워드
고물,인물
고물상,인물
고미숙,인물
고미영,인물
고미혜,인물
고민,키워드
고민구,인물
고민서,인물
고민석,인물
고민수,인물
고민정,인물
고바야,인물
고바야시,인물
고바우,인물
고발,인물
고발장,키워드
고배,인물
고백,키워드
고백록,인물
고범준,인물
고법,인물
고베,인물
고베공항,인물
고베시,인물
고별,인물
고병간,인물
고병준,인물
고병철,인물
고병희,인물
고본,인물
고봉,인물
고부,인물
고부군,인물
고북면,인물
고분,인물
고분고분,인물
고분자,인물
고븐,인물
고블린,인물
고비,키워드
고비사막,인물
고비인,인물
고뿔,인물
고삐,인물
고사,인물
고사리,인물
고사성어,인물
고사하고,인물
고사항,인물
고산,장소
고산동,인물
고산면,인물
고산병,인물
고삼,인물
고상,인물
고상돈,인물
고상지,인물
고상현,인물
고상호,인물
고색,인물
고색동,인물
고색역,인물
고생,인물
고생대,인물
고생물학,인물
고서,인물
고서면,인물
고서연,인물
고서점,인물
고서희,인물
고석정,인물
고석현,인물
고선영,인물
고성,장소
고성국,인물
고성군,장소
고성균,인물
고성능,인물
고성만,인물
고성민,인물
고성소,인물
고성수,인물
고성시,인물
고성오광대,인물
고성은,인물
고성읍,인물
고성진,인물
고성현,인물
고성호,인물
고성환,인물
고성훈,인물
고세,인물
고세균,인물
고세준,인물
고센,인물
고셔병,인물
고션,인물
고소,키워드
고소공포증,인물
고소영,인물
고소장,인물
고속,키워드
고속도로,키워드
고속버스,인물
고쇼,인물
고수,인물
고수동굴,인물
고수로,인물
고수면,인물
고수부지,인물
고수빈,인물
고수영,인물
고수진,인물
고수희,인물
고숙량,인물
고순,인물
고숭철,인물
고스락,인물
고스톱,인물
고스트,인물
고스피치,인물
고슴도치,인물
고승,인물
고승민,인물
고승현,인물
고시,인물
고시생,인물
고시원,인물
고시촌,인물
고시텔,인물
고시히카리,인물
고식,인물
고신대,기관
고심,인물
고싸움놀이,인물
고씨,인물
고씨굴,인물
고아,장소
고아라,인물
고아성,인물
고아원,인물
고안,인물
고암동,인물
고압,키워드
고액,키워드
고야산,인물
고약,인물
고양,장소
고양국제꽃박람회,인물
고양군,인물
고양시,키워드
고양시민,인물
고양시장,인물
고양어울림누리,인물
고양예고,인물
고양이,장소
고양현,인물
고어,인물
고어텍스,인물
고언,인물
고에이,인물
고여,인물
고역,인물
고연우,인물
고연전,인물
고연제,인물
고열,인물
고엽,인물
고엽제,인물
고영,인물
고영규,인물
고영남,인물
고영민,인물
고영배,인물
고영상,인물
고영선,인물
고영수,인물
고영우,인물
고영욱,인물
고영일,인물
고영재,인물
고영주,인물
고영진,인물
고영표,인물
고영호,인물
고영환,인물
고영훈,인물
고예진,인물
고옥,인물
고온,인물
고옹,인물
고완,인물
고왕,인물
고왕국,인물
고요,키워드
고요한,인물
고요함,인물
고용,키워드
고용계약,인물
고용계약서,인물
고용기간,인물
고용노동부,기관
고용보,인물
고용부,인물
고용주,장소
고용호,인물
고우다,인물
고우리,인물
고우석,인물
고우현,인물
고운동,인물
고운사,인물
고원,인물
고원부,인물
고원시,인물
고원식,인물
고원지대,인물
고위,키워드
고유,인물
고유권,인물
고유라,인물
고유명사,인물
고유문,인물
고유벡터,인물
고유어,인물
고유종,인물
고유준,인물
고육책,인물
고윤상,인물
고윤성,인물
고윳값,인물
고은경,인물
고은별,인물
고은성,인물
고은정,인물
고은지,인물
고은혜,인물
고을,인물
고음,인물
고읍동,인물
고의,키워드
고의사구,인물
고이,인물
고이아스,인물
고이즈미,인물
고이치,인물
고이케,인물
고익,인물
고인,인물
고인돌,인물
고인류학,인물
고자,인물
고자세,인물
고자질,인물
고작,인물
고잔동,인물
고잔역,인물
고장,인물
고장률,인물
고재,인물
고재성,인물
고재숙,인물
고재욱,인물
고재원,인물
고재종,인물
고재학,인물
고재형,인물
고쟁,인물
고쟁이,인물
고저,인물
고적,인물
고적대,인물
고전,키워드
고정,인물
고정간첩,인물
고정관념,인물
고정력,인물
고정문,인물
고정민,인물
고정수,인물
고정식,인물
고정용,인물
고정욱,인물
고정은,인물
고정익기,인물
고정현,인물
고정환율제,인물
고정희,인물
고제,인물
고제면,인물
고젝,인물
고젤,인물
고조,인물
고조선,장소
고졸검정고시,인물
고종,인물
고종사촌,인물
고종욱,인물
고종은,인물
고종철,인물
고종황제,인물
고주희,인물
고준석,인물
고준호,인물
고쥬센,인물
고증,인물
고지,인물
고지도,인물
고지서,인물
고지역,인물
고지연,인물
고지우,인물
고지원,인물
고지인,인물
고지자기,인물
고지전,인물
고지학,인물
고지혈증,인물
고지혜,인물
고진,인물
고질,인물
고질라,인물
고집,인물
고집불통,인물
고차,인물
고차방정식,인물
고차원,인물
고착,키워드
고찰,인물
고참,인물
고창,키워드
고창군,장소
고창모양성,인물
고창석,인물
고창읍,장소
고창읍성,인물
고척,인물
고척돔,인물
고척동,인물
고천동,인물
고철,인물
고체,인물
고체로켓,인물
고체역학,인물
고초,인물
고촌역,인물
고촌읍,장소
고쵸군,인물
고추,인물
고추가,인물
고추기름,인물
고추냉이,인물
고추류,인물
고추잠자리,인물
고추장,인물
고추전,인물
고추축제,인물
고춧가루,인물
고춧잎,인물
고충,인물
고취,인물
고층,인물
고치,인물
고치현,인물
고칼로리,인물
고쿄,인물
고쿠사,인물
고타,인물
고태민,인물
고태협,인물
고택,인물
고토,인물
고통,키워드
고통지수,인물
고투,인물
고트,인물
고트족,인물
고튼도르스트,인물
고틀란드,인물
고티에,인물
고파스,인물
고판남,인물
고패,인물
고품,인물
고품격,인물
고풍,인물
고하,인물
고하도,인물
고학,인물
고학년,인물
고학력자,인물
고한리,인물
고한석,인물
고한승,인물
고한읍,인물
고함,인물
고합,인물
고항,인물
고해,인물
고해성사,인물
고해진,인물
고행,인물
고향,키워드
고향역,인물
고향이,인물
고헌산,인물
고헐,인물
고헤이,인물
고현,인물
고현동,인물
고현정,인물
고현주,인물
고현지,인물
고현천,인물
고현철,인물
고현항,인물
고혈압,인물
고혈압약,인물
고협,인물
고형,인물
고형곤,인물
고혜정,인물
고호,인물
고호석,인물
고혼,인물
고홍주,인물
고화질,인물
고환,인물
고환암,인물
고후,인물
고훈,인물
고훈시대,인물
고훈정,인물
고휘,인물
고흐,키워드
고흥,장소
고흥군,기관
고흥길,인물
고흥문,인물
고흥읍,인물
고희,인물
고희동,인물
곡가,인물
곡강,인물
곡괭이,인물
곡기,인물
곡동,인물
곡령,인물
곡로,인물
곡류,인물
곡률,인물
곡리,인물
곡마,인물
곡면,인물
곡명,인물
곡물,키워드
곡반,인물
곡밤벌,인물
곡부,인물
곡사,인물
곡사포,인물
곡산,인물
곡생주,인물
곡선,인물
곡선동,인물
곡선미,인물
곡성,장소
곡성군,장소
곡성읍,인물
곡수,인물
곡스,인물
곡식,인물
곡예,인물
곡예비행,인물
곡예사,인물
곡온,인물
곡우,인물
곡으,인물
곡일,인물
곡임,인물
곡재,인물
곡절,인물
곡정,인물
곡제,인물
곡조,인물
곡주,인물
곡증,인물
곡진,인물
곡집,인물
곡창,인물
곡초,인물
곡필,인물
곡해,인물
곡회,인물
곤겅,인물
곤경,인물
곤궁,인물
곤녕합,인물
곤노효,인물
곤도,인물
곤돌라,인물
곤두박질,인물
곤드레만드레,인물
곤드와나,인물
곤란,인물
곤룡포,인물
곤륜산,인물
곤명,인물
곤명면,인물
곤방,인물
곤베,인물
곤봉,인물
곤살레스,인물
곤색,인물
곤시,인물
곤액,인물
곤약,인물
곤약쫀득,인물
곤양,인물
곤양군,인물
곤양면,인물
곤여만국전도,인물
곤여전도,인물
곤욕,인물
곤을동,인물
곤잘레스,인물
곤장,인물
곤죽,인물
곤줄박이,인물
곤지암,인물
곤지왕,인물
곤충,인물
곤충관,인물
곤충류,인물
곤충학자,인물
곤칼,인물
곤포,인물
곤혹,인물
곤혼,인물
곧곧,인물
곧음,인물
곧이곧대로,인물
곧잘,인물
곧장,인물
골격,인물
골격계,인물
골격근,인물
골고다,인물
골다공증,인물
골단,인물
골담초,인물
골대,인물
골도,인물
골동품,인물
골드,키워드
골드러시,인물
골드리본,인물
골드만삭스,인물
골드바,키워드
골드버그,인물
골드스타,인물
골드코스트,인물
골드펫,인물
골든,키워드
골든글러브,인물
골든글러브상,인물
골든글로브,인물
골든디스크,인물
골든벨,인물
골든블,인물
골든위크,인물
골든타임,인물
골든트라이앵글,인물
골디락스,인물
골딩스,인물
골때녀,키워드
골똘,인물
골똘히,인물
골량,인물
골럽,인물
골렘,인물
골로,인물
골로새서,인물
골루베프,인물
골룸,인물
골리앗,인물
골린,인물
골막,인물
골맛,인물
골망,인물
골망태,인물
골목,키워드
골목길,인물
골몰,인물
골문,인물
골반,인물
골방,인물
골배,인물
골백번,인물
골뱅이,인물
골병,인물
골볼,인물
골부,인물
골분,인물
골상학,인물
골수,인물
골수암,인물
골수팬,인물
골연화증,인물
골유합,인물
골인,인물
골자,인물
골재,인물
골절,인물
골조직,인물
골지,인물
골질,인물
골짜기,인물
골차,인물
골초,인물
골치,인물
골칫,인물
골칫거리,인물
골칫덩,인물
골칫덩이,인물
골키퍼,키워드
골탕,인물
골턴,인물
골트,인물
골파,인물
골퍼,키워드
골풀,인물
골프,키워드
골프공,인물
골프대회,인물
골프인,인물
골프장,인물
골프채,인물
골프클럽,기관
곪거,인물
곪는,인물
곪아가,인물
곪아온,인물
곪았,인물
곪았다,인물
곪았던,인물
곪았습니,인물
곪을,인물
곰나루,인물
곰달래로,인물
곰돌이,인물
곰리,인물
곰방대,인물
곰배령,인물
곰배밭,인물
곰살,인물
곰세마리,인물
곰솔,인물
곰스,인물
곰앤,인물
곰인형,인물
곰쥐,인물
곰취,인물
곰탈,인물
곰탑,인물
곰탕,인물
곰파,인물
곰팡이,인물
곰표,인물
곰표밀,인물
곱빼기,인물
곱셈,인물
곱슬,인물
곱슬거리,인물
곱슬거림,인물
곱슬머리,인물
곱절,인물
곱창,인물
곱창전골,인물
곱하기,인물
곳간,인물
곳곳,인물
곳곳이,인물
곳꼴,인물
곳답,인물
곳도,인물
곳를,인물
곳읏,인물
곳이므,인물
곳일,인물
곳임,인물
곳입,인물
곳자왈,인물
공가,인물
공각기동대,인물
공간,키워드
공간활용,인물
공갈,인물
공갈죄,인물
공감,인물
공감각,인물
공감툰,인물
공개,키워드
공개매수,인물
공개방송,인물
공개시장,인물
공개처형,인물
공개투표,인물
공개회사,인물
공검면,인물
공격,키워드
공격기,인물
공격대,인물
공격성,인물
공격수,인물
공격헬기,인물
공결,인물
공경,인물
공고,인물
공고함,인물
공공,키워드
공공공간,인물
공공교통,인물
공공기관,인물
공공미술,인물
공공부조,인물
공공사업,인물
공공시설,인물
공공안전,인물
공공예술,인물
공공장소,인물
공공재,인물
공공정책,인물
공공필요,인물
공공화장실,인물
공과,인물
공과금,인물
공과대학,인물
공관,인물
공관복음,인물
공교,인물
공교롭,인물
공교롭다,인물
공교육,인물
공교회,인물
공구,인물
공국,인물
공국진,인물
공군,기관
공군기지,인물
공군본부,인물
공군작전사령부,인물
공굴리기,인물
공권,인물
공권력,인물
공규,인물
공극률,인물
공근,인물
공근면,인물
공근혜,인물
공금,키워드
공급,키워드
공급망,인물
공급물량,인물
공급사슬,인물
공급원,인물
공급충격,인물
공기,키워드
공기놀이,인물
공기밥,인물
공기업,인물
공기역학,인물
공기오염,인물
공기조절,인물
공기청정기,키워드
공기총,인물
공길,인물
공납,인물
공냉식,인물
공녀,인물
공노총,인물
공단,키워드
공단동,인물
공단로,인물
공당,인물
공대,기관
공대생,인물
공덕,인물
공덕동,장소
공덕면,인물
공덕역,인물
공덜트,인물
공도,인물
공도읍,장소
공동,키워드
공동관리,인물
공동묘지,인물
공동사회,인물
공동체,키워드
공든탑,인물
공란,인물
공람,인물
공랭식,인물
공략,키워드
공력,인물
공로,키워드
공로명,인물
공로상,인물
공론,인물
공론장,인물
공룡,인물
공룡능선,인물
공룡수호대,인물
공룡시대,인물
공률,인물
공릅률,인물
공릉,인물
공릉동,인물
공릉역,인물
공릉천,인물
공리,인물
공리주의,인물
공립,인물
공막,인물
공매,인물
공매도,키워드
공매처분,인물
공멸,인물
공멸할,인물
공명,키워드
공명당,인물
공명선,인물
공명정대,인물
공모,키워드
공모자,인물
공모전,키워드
공목,인물
공무,키워드
공무국,인물
공무원,기관
공문,인물
공문서,인물
공물,인물
공민,인물
공민권,인물
공민배,인물
공민왕,인물
공민지,인물
공박,인물
공방전,인물
공백,키워드
공백기,인물
공범,인물
공법,인물
공변,인물
공병,인물
공병철,인물
공보,인물
공보람,인물
공보부,인물
공보실,인물
공보처,인물
공복,인물
공부,키워드
공북루,인물
공비,인물
공사,기관
공사상,인물
공사채,인물
공산,인물
공산군,인물
공산권,인물
공산당,인물
공산동,인물
공산면,인물
공산성,인물
공산전투,인물
공산주의,인물
공산진영,인물
공산품,인물
공산혁명,인물
공상,인물
공생,인물
공서,인물
공석,인물
공선,인물
공선택,인물
공설,인물
공성,인물
공성전,기관
공세,키워드
공소,키워드
공소권,인물
공소장,인물
공송,인물
공수,인물
공수부대,기관
공수진,인물
공수현,인물
공순,인물
공습,키워드
공습경보,인물
공시,키워드
공시가격,인물
공시생,인물
공시성,인물
공시지가,인물
공식,키워드
공신,인물
공실이,인물
공심채,인물
공싱률,인물
공안,인물
공안국,인물
공압,인물
공약,키워드
공약수,인물
공양,인물
공양미,인물
공양왕,인물
공언,인물
공언련,인물
공업,인물
공업계,인물
공업고등학교,인물
공업단지,인물
공업화,인물
공역,인물
공연,키워드
공연서,인물
공연예술,인물
공연음란죄,인물
공연장,키워드
공영,키워드
공영은,인물
공영주,인물
공예,인물
공예지,인물
공예진,인물
공예품,인물
공용,인물
공우,인물
공워,인물
공원,키워드
공원로,인물
공원자,인물
공위,인물
공유,인물
공유경제,인물
공유기,인물
공음면,인물
공의회,인물
공이,인물
공익,키워드
공익단체,인물
공인,인물
공인경,인물
공인중개사법,인물
공일,인물
공임,인물
공자,인물
공자묘,인물
공자아카데미,인물
공작,인물
공작기계,인물
공작물,인물
공작부인,인물
공작원,인물
공작초,인물
공장,키워드
공장안,인물
공장장,키워드
공저,인물
공적,키워드
공적인물,인물
공적자금,인물
공전,인물
공전궤도,인물
공전주기,인물
공정,키워드
공정가격,인물
공정거래법,인물
공정무역,인물
공정문,인물
공정사회,인물
공정식,인물
공정위,기관
공정은,인물
공정이용,인물
공정증서,인물
공제,키워드
공제사업,인물
공제조합,인물
공조,인물
공존,인물
공종,인물
공주,장소
공주고,인물
공주교대,인물
공주교도소,인물
공주교육대,인물
공주대,인물
공주대학교,인물
공주보,인물
공주사대부고,인물
공주시,기관
공주시장,인물
공주읍,인물
공준,인물
공준호,인물
공중,키워드
공중급유기,인물
공중도덕,인물
공중목욕탕,인물
공중보건,키워드
공중보건학,인물
공중부양,인물
공중위생,인물
공중전,키워드
공중전화,인물
공중접객업,인물
공중정원,인물
공중파,인물
공중화장실,인물
공증,인물
공증인,인물
공지,인물
공지연,인물
공지원,인물
공지유,인물
공지천,인물
공직,키워드
공직선거법,인물
공직자,키워드
공직자윤리법,인물
공직적격성평가,인물
공진,인물
공진단,인물
공진호,인물
공진화,인물
공진회,인물
공질,인물
공집합,인물
공짜,인물
공차,인물
공찬,인물
공채,인물
공책,인물
공처,인물
공천,인물
공청단,인물
공청회,인물
공쿠르상,인물
공탁,인물
공탁법,인물
공터,인물
공텁니,인물
공통,인물
공통분모,인물
공통점,인물
공통조상,인물
공판,키워드
공판량,인물
공판조서,인물
공평,장소
공평동,인물
공포,키워드
공포물,인물
공포영화,인물
공포일,인물
공포정치,인물
공포증,키워드
공표,인물
공하은,인물
공학,키워드
공학사,인물
공학자,인물
공한,인물
공한지,인물
공함,인물
공항,키워드
공항고,인물
공항교,인물
공항대로,인물
공항동,장소
공항로,인물
공항리무진,인물
공항버스,인물
공항선,인물
공항역,인물
공항정보,인물
공항진,인물
공항철도,인물
공해,인물
공행,인물
공허,인물
공헌,인물
공혁준,인물
공현주,인물
공현진항,인물
공혈견,인물
공혜정,인물
공홈,인물
공화,인물
공화국,키워드
공화국궁전,인물
공화국기,인물
공화당,기관
공화인민당,인물
공화정,인물
공화제,인물
공환,인물
공황,인물
공황발작,인물
공황장애,인물
공회,키워드
공회당,기관
공효진,인물
공훈,인물
공휴일,인물
곶감,인물
곶리,인물
곶자왈,장소
과감,인물
과객,인물
과거,키워드
과거세,인물
과거시험,인물
과거제,인물
과격,인물
과고,인물
과공,인물
과극,인물
과금,인물
과기,인물
과기대,인물
과기부,기관
과기부총리,인물
과기원,키워드
과기처,인물
과꽃,인물
과나후아토,인물
과남풀,인물
과녁,키워드
과년,인물
과녈,인물
과녘,인물
과농소초,인물
과다르,인물
과다복용,인물
과다행동,인물
과달라하라,인물
과달루페,인물
과당,인물
과대,기관
과대망상,인물
과도,인물
과도기,인물
과도정부,인물
과두정,인물
과두제,인물
과들루프,인물
과락,인물
과락해,인물
과량,인물
과련,인물
과로,키워드
과로사,인물
과료,인물
과르네리,인물
과립,인물
과메기,인물
과목,키워드
과묵,인물
과문,인물
과민,인물
과민반응,인물
과민성,인물
과민증,인물
과밀,인물
과반,인물
과반수,인물
과방,인물
과별,인물
과보,인물
과부,키워드
과부족,인물
과분,인물
과산화수소,인물
과상,인물
과생,인물
과세,인물
과세특례,인물
과세표준,인물
과소,인물
과속,인물
과속방지턱,인물
과수,인물
과수원,인물
과숙,인물
과슈,인물
과습,인물
과승,인물
과시,키워드
과식,인물
과신,인물
과실,키워드
과실주,인물
과실책임,인물
과실치사,인물
과실치사죄,인물
과심,인물
과압,인물
과야킬,인물
과언,인물
과업,인물
과연,인물
과열,인물
과오,인물
과외,인물
과외활동,인물
과욕,인물
과용,인물
과우회,인물
과월호,인물
과위,인물
과유,인물
과육,인물
과율,인물
과음,인물
과이렁,인물
과인,인물
과일,키워드
과일박쥐,인물
과잉,키워드
과잉반응,인물
과잉방위,인물
과잉수,인물
과잉진압,인물
과잉행동,인물
과자,인물
과자류,인물
과장,인물
과저,인물
과전,인물
과전압,인물
과점,인물
과점시장,인물
과정,인물
과제,인물
과젭니,인물
과중,인물
과즙,인물
과지,인물
과징금,키워드
과채,인물
과천,장소
과천고,인물
과천대로,인물
과천동,인물
과천선,인물
과천시,인물
과천위례선,인물
과천청사관리소,인물
과천향교,인물
과체중,인물
과총,인물
과카,인물
과카몰레,인물
과태,인물
과태료,키워드
과태표,인물
과테말라,인물
과테말라시티,인물
과표,인물
과표팀,인물
과피,인물
과학,키워드
과학계,인물
과학고,기관
과학관,인물
과학기술,인물
과학기술관,인물
과학기술대,인물
과학기술부,인물
과학기술부총리,인물
과학기술상,인물
과학기술원,인물
과학기술인공제회,인물
과학기술처,인물
과학놀이터,인물
과학동아,인물
과학로,인물
과학만능주의,인물
과학벨트,인물
과학부,인물
과학비즈니스벨트,인물
과학사,인물
과학소설,인물
과학자,키워드
과학지식,인물
과학철학,인물
과학철학자,인물
과학카페,인물
과학콘서트,인물
과학학,인물
과학혁명,인물
과핵,인물
과형성,인물
과호산,인물
과활,인물
곽경근,인물
곽경준,인물
곽경훈,인물
곽규태,인물
곽근,인물
곽근석,인물
곽금주,인물
곽낙원,인물
곽내경,인물
곽노,인물
곽노혁,인물
곽달규,인물
곽달원,인물
곽덕진,인물
곽도,인물
곽도영,인물
곽동균,인물
곽동신,인물
곽동연,인물
곽동윤,인물
곽동환,인물
곽동훈,인물
곽란,인물
곽명곤,인물
곽명숙,인물
곽명환,인물
곽모,인물
곽문근,인물
곽민규,인물
곽민서,인물
곽민석,인물
곽민수,인물
곽민승,인물
곽민호,인물
곽범,인물
곽병열,인물
곽병완,인물
곽병우,인물
곽병일,인물
곽병찬,인물
곽빈,인물
곽산군,인물
곽상,인물
곽상도,인물
곽상욱,인물
곽상준,인물
곽상호,인물
곽상훈,인물
곽석근,인물
곽선영,인물
곽성일,인물
곽성호,인물
곽세훈,인물
곽소미,인물
곽수진,인물
곽수헌,인물
곽순,인물
곽승,인물
곽승호,인물
곽시열,인물
곽씨,인물
곽연미,인물
곽영,인물
곽영길,인물
곽영수,인물
곽영주,인물
곽영호,인물
곽예린,인물
곽용,인물
곽용섭,인물
곽용운,인물
곽용희,인물
곽원,인물
곽윤기,인물
곽윤섭,인물
곽윤직,인물
곽은주,인물
곽인식,인물
곽인탄,인물
곽재,인물
곽재구,인물
곽재식,인물
곽재우,인물
곽정,인물
곽정은,인물
곽정호,인물
곽조,인물
곽종규,인물
곽종윤,인물
곽주현,인물
곽준,인물
곽준영,인물
곽준혁,인물
곽중,인물
곽지,인물
곽지윤,인물
곽지훈,인물
곽진,인물
곽진영,인물
곽찬,인물
곽창렬,인물
곽철군,인물
곽철용,인물
곽태풍,인물
곽태헌,인물
곽판사,인물
곽현정,인물
곽현주,인물
곽형덕,인물
곽혜미,인물
곽혜은,인물
곽효원,인물
곽효환,기관
곽후,인물
곽훈,인물
관가,인물
관개,인물
관개용수,인물
관객,인물
관객수,인물
관거,인물
관건,인물
관경,인물
관계,인물
관계도,인물
관계성,인물
관계자,키워드
관고,인물
관고동,인물
관골,인물
관공서,인물
관곽,인물
관관,인물
관광,키워드
관광가이드,인물
관광객,키워드
관광농업,인물
관광단지로,인물
관광대,인물
관광도로,인물
관광명소,인물
관광버스,인물
관광부,인물
관광사진,인물
관광안내사,인물
관광업,인물
관광열차,인물
관광인,인물
관광지,인물
관광체육부,인물
관광통역안내사,인물
관광특구,인물
관교,인물
관교동,인물
관교초,인물
관구,인물
관권,인물
관기,인물
관꼐자,인물
관꼐자들,인물
관내,인물
관념,인물
관념론,인물
관노,인물
관능,인물
관단,인물
관대,인물
관덕로,인물
관덕정,인물
관도,인물
관동,인물
관동군,인물
관동대,인물
관동대지진,인물
관동대진재,인물
관동대학살,인물
관동지방,인물
관동팔경,인물
관둘,인물
관등,인물
관란,인물
관람,키워드
관람객,키워드
관람차,인물
관램객,인물
관려해,인물
관력,인물
관련,기관
관련성,인물
관례,인물
관로,인물
관록,인물
관료,인물
관료제,인물
관류,인물
관리,키워드
관리기능,인물
관리동,인물
관리부장,인물
관리사,인물
관리소,인물
관리원,인물
관리인,인물
관리자,기관
관리제,인물
관리종목,인물
관리직,인물
관림,인물
관립,인물
관마,인물
관망,인물
관명,인물
관목,인물
관문,장소
관민,인물
관및,인물
관방,인물
관백,인물
관법,인물
관변,인물
관보,인물
관복,인물
관부,인물
관북,인물
관비,인물
관사,인물
관산,인물
관산동,인물
관상,인물
관상감,인물
관상대,인물
관상동맥,인물
관상어,인물
관상학,인물
관서,인물
관서지방,인물
관석,인물
관선,인물
관설,인물
관설초,인물
관섭,인물
관성,인물
관성계,인물
관성력,인물
관세,키워드
관세사,인물
관세음,인물
관세음보살,인물
관세청,기관
관세청장,기관
관세평가분류원,인물
관속,인물
관송,인물
관수,인물
관순,인물
관습,인물
관습법,인물
관실,인물
관심,인물
관심사,인물
관아,인물
관악,장소
관악구,키워드
관악기,인물
관악단,인물
관악산,인물
관악역,인물
관암,인물
관양동,인물
관업,인물
관여,인물
관여도,인물
관역,인물
관엽,인물
관엽식물,인물
관영,인물
관왕,인물
관외,인물
관용,인물
관용구,인물
관우,인물
관운,인물
관원,인물
관위,인물
관음,인물
관음도,인물
관음동,인물
관음보살,인물
관음사,인물
관음증,인물
관응,인물
관인,인물
관인면,인물
관일,인물
관임,인물
관자,인물
관자놀이,인물
관작,인물
관장,인물
관재,인물
관저,인물
관저동,인물
관전,인물
관절,인물
관절염,인물
관절통,인물
관점,인물
관정,인물
관정이종환교육재단,인물
관제,키워드
관제탑,인물
관졔자,인물
관조,인물
관종,인물
관중,인물
관중석,인물
관직,인물
관짝춤,인물
관차,인물
관찰,키워드
관찰도,인물
관찰사,인물
관찰자,인물
관창,인물
관철,인물
관청,인물
관체,인물
관촌,인물
관촌면,인물
관측,키워드
관측천문학,인물
관측통,인물
관치,인물
관치회,인물
관타나모,인물
관토,인물
관통,인물
관통상,인물
관평,인물
관평동,인물
관평천,장소
관폭,인물
관프로그램,인물
관학,인물
관할,인물
관할권,인물
관함,인물
관해,인물
관행,인물
관허사업,인물
관헌,인물
관현,인물
관현악,인물
관현악곡,인물
관현악단,인물
관협치,인물
관형어,인물
관혼상제,인물
관화,인물
관후,인물
관훈,인물
관훈동,인물
관훈클럽,인물
관흠,인물
괄목,인물
괄목상대,인물
괄사,인물
괄사앰,인물
괄약근,인물
괄호,인물
괌기지,인물
광각,인물
광각렌즈,인물
광개토,인물
광개토대왕,인물
광개토대왕비,인물
광개토대왕함,인물
광개토왕비,인물
광건영,인물
광격,인물
광견병,인물
광경,키워드
광고,키워드
광고대행사,인물
광고음악,인물
광고인,인물
광고정보,인물
광고주,키워드
광고지,인물
광과,인물
광관,인물
광교,인물
광교산,인물
광교신도시,인물
광교테크노밸리,인물
광구,인물
광궤,인물
광규,인물
광기,인물
광나,인물
광나루,인물
광나루역,인물
광남,인물
광남고,인물
광년,인물
광능내,인물
광대,인물
광대뼈,인물
광대역,인물
광덕,인물
광덕고,인물
광덕면,인물
광덕산,인물
광도,인물
광도면,인물
광도시,인물
광동,인물
광동성,인물
광동어,인물
광둥,인물
광둥성,인물
광둥어,인물
광등,인물
광란,인물
광량,인물
광려,인물
광려초등,인물
광로,인물
광릉,인물
광릉요강꽃,인물
광림,인물
광링구,인물
광막,인물
광맥,인물
광명,장소
광명동,인물
광명성절,인물
광명시,장소
광명역,장소
광명항,인물
광목,인물
광목천,인물
광목천왕,인물
광묭,인물
광무,인물
광문,인물
광물,키워드
광물질,인물
광물학,인물
광민,인물
광배,인물
광범,인물
광범위,인물
광법위,인물
광복,인물
광복군,인물
광복동,인물
광복절,인물
광복회,인물
광봉,인물
광부,인물
광분,인물
광사동,인물
광산,인물
광산구,장소
광산구청,기관
광산업,인물
광산이씨,인물
광산촌,인물
광생,인물
광서,인물
광석,인물
광선,인물
광섬유,인물
광섭,인물
광성고,인물
광속,인물
광수,장소
광시,인물
광시곡,인물
광시면,인물
광신,인물
광신대,기관
광신도,인물
광신자,인물
광안,키워드
광안대교,장소
광안동,인물
광안리해수욕장,인물
광암동,인물
광야,인물
광양,장소
광양군,인물
광양보건대,인물
광양시,장소
광양읍,인물
광양제철소,기관
광양항,인물
광어,인물
광업,인물
광업권,인물
광역,키워드
광역권,키워드
광역급행,인물
광역단체장,인물
광역버스,인물
광역시,인물
광역의회,인물
광역자치단체장,인물
광역전철,인물
광역지방자치단체,인물
광역철도,인물
광역행정,인물
광연,인물
광열,인물
광염,인물
광영,인물
광영동,인물
광우병,인물
광운,인물
광운대,인물
광원,인물
광위,인물
광유,인물
광융,인물
광융복,인물
광음,인물
광자,인물
광장,장소
광장공포증,인물
광장동,인물
광장시장,인물
광재,인물
광저우,장소
광저우시,장소
광적면,인물
광전,인물
광전지,인물
광점,인물
광정,인물
광종,인물
광주,장소
광주대,키워드
광주리,인물
광주시,장소
광준,인물
광중,인물
광증,인물
광진,키워드
광진교,인물
광진구,장소
광차,인물
광채,인물
광천,인물
광천동,인물
광천수,인물
광천역,인물
광천읍,인물
광철,인물
광청,인물
광초,인물
광촉매,인물
광칠,인물
광케이블,인물
광탄면,인물
광탈,인물
광탈페,인물
광태,인물
광택,인물
광터,인물
광통교,인물
광통신,인물
광파,인물
광파오븐렌,인물
광판리,인물
광팬,인물
광평,인물
광평대군,인물
광포,인물
광포화점,인물
광폭,인물
광표,인물
광품,인물
광풍,인물
광필,인물
광학,인물
광학현미경,인물
광한루,인물
광한루원,인물
광합성,인물
광해,인물
광해군,인물
광현,인물
광혜,인물
광혜원,인물
광혜원면,인물
광호,인물
광화,인물
광화문,장소
광화문역,인물
광화학,인물
광환,인물
광활,인물
광활면,인물
광효,인물
광휘,인물
광흥,인물
광희,인물
광희동,인물
광희문,인물
괘념치,인물
괘불,인물
괘불탱,인물
괘씸,인물
괘씸죄,인물
괜스레,인물
괜시리,인물
괜춘,인물
괭생,인물
괭이,인물
괴강,인물
괴고,인물
괴곡동,인물
괴공,인물
괴기,인물
괴니아,인물
괴담,인물
괴델,인물
괴드,인물
괴란,인물
괴란동,인물
괴로움,인물
괴롬힘,인물
괴롭힘,인물
괴뢰,키워드
괴뢰국,인물
괴뢰군,인물
괴뢰정권,인물
괴뢰정부,인물
괴르델러,인물
괴를리츠,인물
괴리,인물
괴리감,인물
괴리돼,인물
괴리됐다,인물
괴리된,인물
괴리된다,인물
괴리율,인물
괴릴,인물
괴링,인물
괴멸,인물
괴물,인물
괴발,인물
괴벨스,인물
괴변,인물
괴사,인물
괴산,장소
괴산군,장소
괴산읍,인물
괴상,인물
괴생명체,인물
괴생물,인물
괴석,인물
괴성,인물
괴소문,인물
괴수,인물
괴씸죄,인물
괴어,인물
괴이,인물
괴정,인물
괴정동,장소
괴죄,인물
괴짜,인물
괴츠,인물
괴테,인물
괴팅겐,인물
괴페르트,인물
괴한,인물
괴헌고택,인물
괴화,인물
괸계자,인물
괸광객들,인물
괸당,인물
괸당문홥니,인물
굉음,인물
교가,인물
교각,인물
교간,인물
교감,인물
교감신경,인물
교감신경계,인물
교과,키워드
교과목,인물
교과부,인물
교과서,인물
교과서포럼,인물
교관,인물
교구,인물
교구장,인물
교국,인물
교권,키워드
교권붕괴,인물
교권특위,인물
교기,인물
교남동,인물
교내,인물
교단,인물
교대,기관
교대근무,인물
교대역,인물
교대협,인물
교도,인물
교도관,인물
교도소,인물
교도통신,기관
교동,인물
교동대교,인물
교동도,인물
교동리,인물
교동면,인물
교두,인물
교두보,인물
교락하,인물
교란,인물
교량,인물
교려,인물
교령회,인물
교례회,인물
교료,인물
교룡산,인물
교류,키워드
교류발전기,인물
교류회로,인물
교륙,인물
교리,인물
교리문답,인물
교린,인물
교만,인물
교면,인물
교명,인물
교모,인물
교목,인물
교묘,인물
교무,키워드
교문,인물
교문동,인물
교뮤,인물
교미,인물
교민,인물
교바시,인물
교반,인물
교반기,인물
교방,인물
교방무,인물
교배,인물
교배종,인물
교범,인물
교법,인물
교보,인물
교복,인물
교본,인물
교부,인물
교비,인물
교사,키워드
교산,인물
교상,인물
교생,인물
교생실습,인물
교서,인물
교선,인물
교섭,키워드
교섭국,인물
교섭단체,인물
교세,인물
교세라,인물
교수,키워드
교수대,인물
교수설계,인물
교수형,인물
교습,인물
교시,인물
교신,인물
교신저자,인물
교실,인물
교심,인물
교안,인물
교양,인물
교양과목,인물
교역,인물
교열,인물
교외,인물
교외선,인물
교외화,인물
교용,인물
교우,인물
교욱,인물
교원,기관
교원능력개발평가,인물
교원단체,인물
교원대,인물
교원양성,인물
교원인사,인물
교원자격,인물
교원평가제,인물
교유,인물
교육,키워드
교육감,키워드
교육공학,인물
교육과정,인물
교육과정평가원,기관
교육과학기술부,인물
교육구,인물
교육기본법,인물
교육대학,인물
교육문제,인물
교육방송,인물
교육방송공사,인물
교육법,인물
교육부,기관
교육부총리,인물
교육비,키워드
교육사,인물
교육사령부,인물
교육사상,인물
교육성,인물
교육세,인물
교육실습,인물
교육영화,인물
교육인,인물
교육인적자원부,인물
교육자,인물
교육장,장소
교육재정,인물
교육제도,인물
교육조교,인물
교육지원청,기관
교육철학,인물
교육청,기관
교육칙어,인물
교육평가,인물
교육학,인물
교육학자,인물
교육행정,인물
교육행정학,인물
교육헌장,인물
교육활동,인물
교육활용,인물
교의,인물
교인,인물
교임,인물
교자,인물
교자상,인물
교잡,인물
교잡돈,인물
교잡종,인물
교장,인물
교재,인물
교전,인물
교점,인물
교정,키워드
교정본,인물
교정본부,인물
교정술,인물
교정지,인물
교정청,인물
교제,키워드
교조,인물
교졸,인물
교주,인물
교지,인물
교직,인물
교직원,키워드
교직이수,인물
교집합,인물
교차,인물
교차로,키워드
교차점,인물
교착,인물
교착상태,인물
교채,인물
교체,인물
교촌,인물
교촌치킨,인물
교총,인물
교칙,인물
교탁,인물
교태,인물
교태전,인물
교토,인물
교토대,인물
교토부,인물
교토상,인물
교토시,인물
교토역,인물
교토의정서,인물
교통,키워드
교통경찰,인물
교통공학,인물
교통기관,인물
교통난,인물
교통대,인물
교통량,인물
교통법,인물
교통법규,인물
교통법위반,인물
교통부,인물
교통비,인물
교통사고,인물
교통사고처리특례법,인물
교통상황,인물
교통섬,인물
교통신호,인물
교통신호등,인물
교통위반,인물
교통정온화,인물
교통지도,인물
교통체증,인물
교통카드,인물
교통표지판,인물
교통혼잡,인물
교파,인물
교편,인물
교평리,인물
교포,인물
교표,인물
교풍,인물
교하,인물
교학,인물
교학사,인물
교합,인물
교항리,인물
교해,인물
교행,인물
교향,인물
교향곡,인물
교향시,인물
교향악단,인물
교현,인물
교현동,장소
교호,인물
교화,인물
교화소,인물
교환,인물
교환가치,인물
교환학생,인물
교황,키워드
교황대사,인물
교황령,인물
교황직,인물
교황청,기관
교회,키워드
교회당,인물
교회음악,인물
교훈,키워드
구가,인물
구간,인물
구갈,인물
구강,장소
구강기,인물
구강성교,인물
구강악안면외과학,인물
구강암,인물
구강위생,인물
구거,인물
구건,인물
구걸,인물
구검,인물
구겐하임,인물
구결,인물
구경,키워드
구경꾼,인물
구경만,인물
구경삼,인물
구경원,인물
구경이,인물
구경해,인물
구계,인물
구곡,기관
구골,인물
구공탄,인물
구관,인물
구광모,인물
구교,인물
구구,인물
구구단,인물
구구절,인물
구국,인물
구군,인물
구근,인물
구근혜,인물
구글,기관
구글맵,인물
구글맵스,인물
구글벤처스,인물
구글서치,인물
구글안드로이드,인물
구글어스,인물
구글지도,인물
구글플레이,인물
구금,인물
구급,인물
구급대,기관
구급대원,키워드
구급차,인물
구급함,인물
구기,인물
구기자,인물
구기종목,인물
구김,인물
구김살,인물
구나,인물
구난,인물
구내,인물
구내식당,인물
구내염,인물
구년,인물
구노,인물
구니,인물
구다빈,인물
구다사이,인물
구단,인물
구단주,인물
구달,인물
구당,인물
구당서,인물
구대,인물
구대륙,인물
구더기,인물
구덕,인물
구덕산,인물
구덕운동장,인물
구덩이,인물
구델,인물
구도,인물
구독,키워드
구독료,인물
구동,인물
구두,인물
구두쇠,인물
구두점,인물
구둣발,인물
구둣주걱,인물
구드,인물
구드래,인물
구드문드손,인물
구들,인물
구들구들,인물
구들장,인물
구등,인물
구딕스,인물
구딩,인물
구라,인물
구라파,인물
구락부,인물
구래,인물
구래동,인물
구럭,인물
구렁이,인물
구렁텅이,인물
구레,인물
구레나룻,인물
구레츠키,인물
구력,인물
구령,인물
구례,장소
구례군,인물
구례읍,인물
구로,키워드
구로구,인물
구로동,인물
구로역,인물
구료,인물
구룡,인물
구룡동,인물
구룡사,인물
구룡천,인물
구룡포,인물
구룡포읍,인물
구루,인물
구루미,인물
구류,인물
구르가온,인물
구르믈,인물
구르차토프,인물
구르카,인물
구름,키워드
구름다리,인물
구름산,인물
구름양,인물
구릉,인물
구릉지,인물
구리,인물
구리면,인물
구리시,장소
구리시장,인물
구리역,인물
구리지,인물
구림,인물
구림면,인물
구릿빛,인물
구마,인물
구마가야시,인물
구마모토,장소
구마모토시,인물
구마모토현,인물
구마몬,인물
구만,인물
구만만,인물
구매,인물
구매권,인물
구매력,인물
구매력평가,인물
구먼,인물
구멍,인물
구명,인물
구명보트,인물
구명정,인물
구명조끼,인물
구명환,인물
구모,인물
구무,인물
구문,인물
구문소,인물
구미,장소
구미경,인물
구미대,인물
구미동,인물
구미보,인물
구미산,인물
구미시,기관
구미시장,인물
구미시청,인물
구미역,장소
구미영,인물
구미차병원,인물
구미호,인물
구민,키워드
구민정,인물
구민지,인물
구바버겟,인물
구바버켓,인물
구박,인물
구배,인물
구백,인물
구백십,인물
구버,인물
구법,인물
구별,인물
구별법,인물
구병산,인물
구보,인물
구복,인물
구본경,인물
구본길,인물
구본능,인물
구본무,인물
구본상,인물
구본영,인물
구본웅,인물
구본준,인물
구본진,인물
구본창,인물
구본혁,인물
구본홍,인물
구봉,인물
구봉산,장소
구봉서,인물
구부,인물
구부리,인물
구북구,인물
구분,인물
구비,인물
구빈,인물
구빈원,인물
구사,인물
구사이,인물
구사일생,인물
구사해,인물
구산,인물
구산동,인물
구산리,인물
구산면,인물
구산역,인물
구상,인물
구상권,인물
구상나무,인물
구상전,인물
구상찬,인물
구색,인물
구샤오쑹,인물
구서,인물
구서윤,인물
구석,인물
구석구석,인물
구석기,인물
구석기시대,인물
구설,인물
구설수,인물
구성,기관
구성군,인물
구성동,인물
구성만,인물
구성면,인물
구성민,인물
구성시,장소
구성역,인물
구성요건,인물
구성요소,인물
구성원,인물
구성은,인물
구성작가,인물
구성훈,인물
구세,인물
구세계,인물
구세군,인물
구세대,인물
구세주,기관
구소련,인물
구소영,인물
구속,키워드
구속기소,키워드
구속력,인물
구속사,인물
구속영장,인물
구속적부심,인물
구속집행정지,인물
구수,인물
구수진,인물
구수호,인물
구순,인물
구술,인물
구스,인물
구스망,인물
구스비,인물
구스트,인물
구슬,인물
구습,인물
구승,인물
구승민,인물
구시,인물
구시대,인물
구시로,인물
구식,인물
구실,인물
구실잣밤나무,인물
구심,인물
구심력,인물
구씨,인물
구아노신,인물
구아니딘,인물
구아닌,인물
구아름,인물
구아바,인물
구아슈,인물
구안,인물
구안와사,인물
구암,인물
구암고,인물
구암동,장소
구암서원,인물
구애,인물
구야시,인물
구약,인물
구약성경,인물
구약성서,인물
구양수,인물
구양순,인물
구어,인물
구업,인물
구역,키워드
구역질,인물
구연,인물
구연산,인물
구연산염,인물
구연서,인물
구영,인물
구영로,인물
구영미,인물
구영배,인물
구영식,인물
구오,인물
구옥,인물
구완,인물
구우,인물
구운몽,인물
구울,인물
구웅모,인물
구원,인물
구원론,인물
구원병,인물
구원진,인물
구원투수,인물
구월,인물
구월동,장소
구월산,인물
구유,인물
구육,인물
구윤철,인물
구은수,인물
구음,인물
구읍뱃터,인물
구읏,인물
구의,장소
구의동,인물
구의역,인물
구의회,장소
구이,인물
구이면,인물
구이사,인물
구이저우,인물
구이저우성,인물
구인,인물
구인회,인물
구일,인물
구일역,인물
구일이,인물
구입,키워드
구입량,인물
구자,인물
구자경,인물
구자균,인물
구자근,인물
구자라트,인물
구자라트어,인물
구자룡,인물
구자억,인물
구자열,인물
구자영,인물
구자용,인물
구자욱,인물
구자철,인물
구자춘,인물
구자현,인물
구자형,키워드
구자홍,인물
구자희,인물
구장,인물
구장군,인물
구재,인물
구전,인물
구절,인물
구절초,키워드
구점,인물
구정,키워드
구정면,인물
구정우,인물
구정회,인물
구정희,인물
구제,인물
구제역,기관
구조,키워드
구조구,인물
구조대,인물
구조도,인물
구조라항,인물
구조론,인물
구조만,인물
구조사,인물
구조생물학,인물
구조선,인물
구조원,인물
구조의무,인물
구조이,인물
구조일,인물
구조조,인물
구조조정,인물
구조체,인물
구조해,인물
구존,인물
구종,인물
구좌읍,인물
구주,인물
구준,인물
구준엽,인물
구즈,인물
구증,인물
구지,인물
구지가,인물
구지면,장소
구지민,인물
구지영,인물
구지원,인물
구지은,인물
구직,키워드
구진,인물
구찌,인물
구차,인물
구창모,인물
구창식,인물
구채,인물
구채구,인물
구책,인물
구처,인물
구척,인물
구천,인물
구천동,인물
구천면로,인물
구청,기관
구체,키워드
구체성,인물
구체제,인물
구체화,인물
구초,인물
구총,인물
구축,인물
구축물,인물
구축함,인물
구출,키워드
구충,인물
구충제,인물
구취,인물
구층석탑,인물
구치,인물
구치부,인물
구치소,장소
구타,인물
구태,인물
구태여,인물
구태회,인물
구테흐스,인물
구텐,인물
구텐베르크,인물
구토,키워드
구트,인물
구티,인물
구파발,인물
구판,인물
구평회,인물
구포,인물
구포역,인물
구피,인물
구하라,인물
구학,인물
구학산,인물
구한,인물
구한국,인물
구한말,인물
구함,인물
구합,인물
구항면,인물
구해,인물
구해오,인물
구해진,인물
구현,인물
구현성,인물
구현주,인물
구형,인물
구형량,인물
구혜정,인물
구혜진,인물
구호,인물
구호견,인물
구호단체,인물
구홍,인물
구황,인물
구황동,인물
구획,인물
구효진,인물
구휼,인물
구희,인물
국가,키워드
국가경쟁력,인물
국가고시,인물
국가공무원,인물
국가관리항,인물
국가관할권,인물
국가기록물,인물
국가기록원,기관
국가기술자격법,인물
국가기술표준원,인물
국가대표,인물
국가대표단,인물
국가대표팀,인물
국가도메인,인물
국가론,인물
국가배상,인물
국가배상법,인물
국가배상청구권,인물
국가범죄,인물
국가보안법,인물
국가보훈처,기관
국가보훈처장,인물
국가부도,인물
국가부채,인물
국가수,인물
국가승인,인물
국가신용등급,인물
국가안보국,인물
국가안보법,인물
국가안보실,인물
국가안전기획부,인물
국가어항,인물
국가연합,인물
국가원수,인물
국가이성,인물
국가인권위,인물
국가인권위원회법,인물
국가장학금,인물
국가정보원,기관
국가정보원장,인물
국가정보원직원법,인물
국가정찰국,인물
국가주권,인물
국가주석,장소
국가지원지방도,인물
국가채무,인물
국가책임,인물
국가총동원령,인물
국가총동원법,인물
국가하천,인물
국가행사,인물
국가행정,인물
국감,키워드
국강,인물
국건,인물
국건위,인물
국격,인물
국격회복,인물
국견,인물
국경,키워드
국경검문소,인물
국경관리,인물
국경도시,인물
국경선,인물
국경없는기자회,인물
국경없는의사회,인물
국경역,인물
국경인,인물
국경일,인물
국경절,인물
국경통제,인물
국경폐쇄,인물
국고,키워드
국고금,인물
국공내전,인물
국공합작,인물
국과수,기관
국광,인물
국교,인물
국구,인물
국군,기관
국군기무사령부,인물
국군보안사령부,인물
국군사이버사령부,인물
국군의날,인물
국군준비대,인물
국군체육부대,기관
국군포로,인물
국궁,인물
국권,인물
국금,인물
국기,인물
국기관,인물
국기법,인물
국기원,인물
국난,인물
국내,인물
국내법,인물
국내선,인물
국내성,인물
국내외,인물
국내정세,인물
국내총생산,인물
국내출시,인물
국대도,인물
국대비,인물
국도,장소
국도건설,인물
국동,인물
국동항,인물
국락,인물
국락재,인물
국력,인물
국령애,인물
국록,인물
국론,인물
국룰,인물
국립,키워드
국립경기장,인물
국립공원,인물
국립과천과학관,기관
국립광주과학관,인물
국립국악원,인물
국립국어원,기관
국립극단,인물
국립극장,인물
국립기관,인물
국립남도국악원,인물
국립대,키워드
국립대구과학관,인물
국립대전현충원,인물
국립동물원,인물
국립묘지,인물
국립무용단,인물
국립무형유산원,인물
국립민속국악원,인물
국립박물관,인물
국립발레단,인물
국립백두대간수목원,인물
국립병원,인물
국립보건원,인물
국립부곡병원,인물
국립부산국악원,인물
국립생물자원관,인물
국립생태원,기관
국립서울현충원,인물
국립세무대,인물
국립수목원,인물
국립영천호국원,인물
국립오페라단,인물
국립외교원,인물
국립의료원,인물
국립임실호국원,장소
국립재활원,인물
국립제주검역소,인물
국립종자원,인물
국립창극단,인물
국립합창단,인물
국립현대무용단,인물
국립현충원,인물
국립호국원,인물
국망봉,인물
국면,인물
국명,인물
국모,인물
국무,인물
국무부,인물
국무원,인물
국무위원,인물
국무장관,인물
국무조정실,키워드
국무조정실장,인물
국무차장,인물
국무촐리,인물
국무총리,키워드
국무총리공관,인물
국무총리비서실,키워드
국무총리비서실장,인물
국무총리실,인물
국무회의,인물
국문,인물
국문과,인물
국문학,인물
국물,인물
국민,키워드
국민계정,인물
국민국가,인물
국민군,인물
국민권익위,인물
국민당,기관
국민대,인물
국민대회,인물
국민방위군,인물
국민보호,인물
국민복,인물
국민생각,인물
국민성,인물
국민소득,인물
국민소환,인물
국민수,인물
국민신문고,기관
국민악파,인물
국민연금,인물
국민은행,인물
국민의당,기관
국민의례,인물
국민의정부,인물
국민의회,인물
국민일보,기관
국민임대,인물
국민임대주택,인물
국민전선,인물
국민정부,인물
국민정신,인물
국민주권,인물
국민주권론,인물
국민총생산,인물
국민총소득,인물
국민카드,인물
국민투표,키워드
국민투표법,인물
국민포장,인물
국민학교,인물
국민행동당,인물
국민혁명군,인물
국민회,인물
국민훈장,인물
국밥,인물
국밥집,인물
국밥회동,인물
국방,인물
국방경비대,인물
국방고등연구계획국,인물
국방군,인물
국방기술품질원,인물
국방대,인물
국방력,키워드
국방로봇,인물
국방백서,인물
국방부,기관
국방부검찰단,인물
국방성,인물
국방위원장,인물
국방의무,인물
국방일보,인물
국방홍보원,인물
국번,인물
국범,인물
국법,인물
국별,인물
국보,기관
국보법,인물
국보위,인물
국본,인물
국부,인물
국부론,인물
국부펀드,인물
국비,인물
국빈,인물
국뽕,인물
국사,인물
국사관,인물
국사봉,인물
국사봉터널,인물
국산,키워드
국산마,인물
국산품,인물
국상,인물
국새,인물
국서,키워드
국석,인물
국선,인물
국선도,인물
국선변호인,인물
국세,인물
국세청,기관
국소,인물
국소협,인물
국수,인물
국수주의자,인물
국수호,인물
국숙,인물
국순당,인물
국숫,인물
국숫집,인물
국승,인물
국시,인물
국시원,인물
국악,키워드
국악고,인물
국악기,인물
국악원,인물
국악인,인물
국악중,인물
국악한마당,인물
국어,키워드
국어교육,인물
국어사전,키워드
국어순화,인물
국어학,인물
국역,인물
국연,인물
국영,인물
국영수,인물
국영항공사,인물
국왕,인물
국외,인물
국외여행,인물
국우,인물
국운,인물
국원,인물
국위,인물
국유,키워드
국유재산,인물
국유화,인물
국윤종,인물
국익,인물
국임,인물
국자,인물
국장,키워드
국장협,인물
국재,인물
국적,인물
국전,인물
국정,키워드
국정감사,인물
국정교과서,인물
국정원,키워드
국정원장,기관
국정조사,인물
국제,키워드
국제경제,인물
국제고,인물
국제공항,인물
국제노동기구,인물
국제대,기관
국제무역,인물
국제민간항공기구,인물
국제사법재판소,인물
국제사회,인물
국제상품,인물
국제선,키워드
국제수지,인물
국제연맹,인물
국제연합,인물
국제연합식량농업기구,인물
국제올림픽위원회,인물
국제우편,인물
국제적십자,인물
국제통화기금,인물
국제특송,인물
국제항,인물
국제화,인물
국조,인물
국조특위,인물
국종환,인물
국주,인물
국준,인물
국지도,인물
국지성호우,인물
국지연,인물
국진,인물
국짐,인물
국집,인물
국창,인물
국채,키워드
국채보상로,인물
국채선물,인물
국책,인물
국철,인물
국청,인물
국체,인물
국초,인물
국치,인물
국치일,인물
국카스텐,인물
국코부,인물
국탕류,인물
국토,인물
국토건설단,인물
국토관리청,인물
국토교통부,기관
국토교통성,인물
국토부,기관
국토안보부,인물
국토완정,인물
국토통일원,인물
국토해양부,인물
국통,인물
국판,인물
국패,인물
국평,인물
국표,인물
국학,인물
국한,인물
국행,인물
국향,인물
국현,인물
국호,인물
국혼,인물
국화,키워드
국화도,인물
국화전,인물
국화축제,인물
국환,인물
국회,기관
국회경비대,인물
국회대로,인물
국회법,인물
국회사무처,기관
국회예산정책처,기관
국회예산정책처장,인물
국회의사당,인물
국회의사당역,인물
국회의원,키워드
국회의원선거,인물
국회의장,인물
국회입법조사처,인물
국회입법조사처장,인물
국회통과,인물
국희,인물
국힘,키워드
국힘선,인물
군가,인물
군검찰,인물
군것질,인물
군견,인물
군경,인물
군공,인물
군관,인물
군구,인물
군국,인물
군기,인물
군기지,인물
군남댐,인물
군남면,인물
군납,인물
군납비리,인물
군내,장소
군내면,인물
군내버스,인물
군단,인물
군대,키워드
군대장,인물
군더더기,인물
군데,인물
군데군데,인물
군도,장소
군등,인물
군락,인물
군량,인물
군령,인물
군림,인물
군림해,인물
군립,인물
군마,인물
군마현,인물
군말,인물
군모,인물
군무,인물
군무원,인물
군문,인물
군민,키워드
군박,인물
군밤타령,인물
군번,인물
군번줄,인물
군벌,인물
군법,인물
군법무관,인물
군법원,인물
군별,인물
군병종,인물
군복,인물
군복무,인물
군부,인물
군부대신,인물
군부독재,인물
군부인,인물
군북,인물
군북면,인물
군북역,인물
군불,인물
군비,인물
군사,인물
군사개입,인물
군사과학,인물
군사교육,인물
군사기술,인물
군사기지,인물
군사도시,인물
군사독재,인물
군사력,인물
군사법,인물
군사법원,인물
군사분계선,인물
군사사,인물
군사시설,인물
군사연습,인물
군사위성,인물
군사작전,인물
군사재판,인물
군사전략,인물
군사정권,인물
군사정변,인물
군사정부,인물
군사특기,인물
군사학,인물
군사행정,인물
군사혁명,인물
군사협,인물
군사훈련,인물
군산,장소
군산공항,인물
군산교도소,인물
군산구장,인물
군산대,기관
군산상고,인물
군산선,인물
군산시,장소
군산역,인물
군산의료원,인물
군산항,인물
군살,키워드
군상,인물
군색,인물
군생,인물
군생활,인물
군서면,인물
군선,인물
군세,인물
군소,인물
군속,인물
군수,키워드
군수사령부,인물
군승,인물
군시설,인물
군신,인물
군악,인물
군악대,인물
군역,인물
군왕,인물
군외,인물
군외면,인물
군용,인물
군용기,인물
군용차,인물
군용차량,인물
군용항공기,인물
군위,장소
군위군,기관
군위읍,인물
군유,인물
군응,인물
군의관,인물
군익,인물
군인,키워드
군인공제회,인물
군인아파트,인물
군입,인물
군입대,인물
군자,장소
군자금,인물
군자동,인물
군자산,인물
군장,인물
군장점,인물
군장학생,인물
군전,인물
군정,인물
군정기,인물
군정청,인물
군제,인물
군조,인물
군종,인물
군종교구,인물
군주,인물
군주국,인물
군주정,인물
군주제,인물
군중,인물
군중심리,인물
군중심리학,인물
군집,인물
군찰,인물
군청,기관
군청색,인물
군체,인물
군축,인물
군침,인물
군칼,인물
군터,인물
군텐츠,인물
군통,인물
군팀,인물
군포,키워드
군포로,인물
군포시,장소
군포시의회,인물
군포역,인물
군폰시,인물
군필,인물
군학연,인물
군함,인물
군함도,장소
군항,인물
군현,인물
군협의회,인물
군형법,인물
군호,인물
군화,인물
군홧발,인물
군회,인물
굳갱랩스,인물
굳기,인물
굳은살,인물
굳이,인물
굴곡,인물
굴국,인물
굴기,인물
굴다,인물
굴다리,인물
굴드,인물
굴등,인물
굴뚝,인물
굴라쉬,인물
굴라크,인물
굴렁쇠,인물
굴레,인물
굴려,인물
굴렸다,인물
굴류,인물
굴리,인물
굴리느,인물
굴리스탄,인물
굴린,인물
굴릴,인물
굴림,인물
굴림체,인물
굴링,인물
굴복,인물
굴봉산,인물
굴비,인물
굴삭기,인물
굴산,인물
굴샷,인물
굴소스,인물
굴속,인물
굴스비,인물
굴신,인물
굴업,인물
굴업도,인물
굴온,인물
굴욕,인물
굴원,인물
굴절,인물
굴절률,인물
굴절망원경,인물
굴젓,인물
굴종,인물
굴지,인물
굴집,인물
굴짬뽕,인물
굴착,인물
굴착기,인물
굴참나무,인물
굴취,인물
굴취해,인물
굴토,인물
굴트너,인물
굴포,인물
굴포천역,인물
굴함,인물
굶주림,인물
굼때면,인물
굼떠,인물
굼벵이,인물
굼부리,인물
굽네치킨,인물
굽스터,인물
굽은다리역,인물
굽이,인물
굽타,인물
굿거리,인물
굿걸,인물
굿굿,인물
굿나잇,인물
굿네이버스,기관
굿닥,인물
굿닥터,인물
굿데이,인물
굿럭,인물
굿맨,인물
굿모닝,기관
굿바이,키워드
굿뻬,인물
굿샷,인물
굿스터프이터리,인물
굿앤굿,인물
굿오트,인물
굿윌,인물
굿이어,인물
굿잡,인물
굿쥬,인물
굿쥬러,인물
굿즈,인물
굿즈들,인물
굿파머스,인물
굿판,인물
굿패,인물
굿펠,인물
궁거,인물
궁걸,인물
궁굼증,인물
궁궐,인물
궁극,인물
궁금,인물
궁금점,인물
궁금즘,인물
궁금증,인물
궁긍적,인물
궁남지,인물
궁내,인물
궁내동,인물
궁녀,인물
궁눙,인물
궁능,인물
궁뎅,인물
궁도,인물
궁동,인물
궁둥뼈,인물
궁둥이,인물
궁류,인물
궁륭,인물
궁리,인물
궁무,인물
궁물,인물
궁벽,인물
궁복,인물
궁사,키워드
궁산,인물
궁서,인물
궁서체,인물
궁성요배,인물
궁수,인물
궁시,인물
궁실,인물
궁씨,인물
궁예,인물
궁예왕,인물
궁온,인물
궁월,인물
궁인,인물
궁재,인물
궁전,인물
궁정,인물
궁정동,인물
궁주,인물
궁중채화,인물
궁즉답,인물
궁즘등,인물
궁지,인물
궁채,인물
궁체,인물
궁촌,인물
궁촌교,인물
궁케팅,인물
궁파,인물
궁평,인물
궁평리,인물
궁평알,인물
궁평제,인물
궁평항,인물
궁핍,인물
궁합,인물
궁합팅,인물
궁항,인물
궁형,인물
궂으,인물
궂은비,인물
궂은일,인물
궈궈핑,인물
궈놨던,인물
궈르,인물
궈밍쩡,인물
궈밍츠,인물
궈밍치,인물
궈쉬안,인물
궈시안,인물
궈왕,인물
궈잉,인물
궈준,인물
궈쥐,인물
궈진,인물
궈차오,인물
궈카오,인물
궈터마허,인물
궈헌고,인물
권갑늠,인물
권값,인물
권건보,인물
권경숙,인물
권경호,인물
권경훈,인물
권고,인물
권고사직,인물
권곡,인물
권국,인물
권권,인물
권규,인물
권근,인물
권기범,인물
권기선,인물
권기찬,인물
권기창,인물
권기현,인물
권기훈,인물
권나라,인물
권나연,인물
권남,인물
권남희,인물
권내,인물
권녕미,인물
권노갑,인물
권능,인물
권다빈,인물
권다혜,인물
권단,인물
권달삼,인물
권담,인물
권대섭,인물
권대숙,인물
권덕환,인물
권도엽,인물
권도영,인물
권도현,인물
권도형,인물
권도희,인물
권동욱,인물
권동진,인물
권란,인물
권력,키워드
권력관계,인물
권력분립,인물
권력자,인물
권력정치,인물
권력투쟁,인물
권률,인물
권리,키워드
권리금,인물
권리남용,인물
권리능력,인물
권리락,인물
권리락일,인물
권리분석,인물
권리자,인물
권리장전,인물
권리행사방해죄,인물
권면,인물
권명숙,인물
권명철,인물
권명화,인물
권모,인물
권모술수,인물
권문정,인물
권문해,인물
권미진,인물
권민,인물
권민서,인물
권민수,인물
권민재,인물
권민지,인물
권법,인물
권별,인물
권병규,인물
권병재,인물
권병철,인물
권병현,인물
권복경,인물
권봉석,인물
권봉수,인물
권부,인물
권불,인물
권사,인물
권산,인물
권상연,인물
권상우,인물
권상현,인물
권서현,인물
권선,장소
권선구,인물
권선동,인물
권선미,인물
권선호,인물
권성규,인물
권성동,인물
권성열,인물
권성욱,인물
권성은,인물
권성진,인물
권성택,인물
권성훈,인물
권세,인물
권소영,인물
권소현,인물
권속,인물
권솔,인물
권수,인물
권수정,인물
권수진,인물
권수현,인물
권수호,인물
권순,인물
권순기,인물
권순명,인물
권순용,인물
권순웅,인물
권순태,인물
권순택,인물
권승혁,인물
권승환,인물
권시,인물
권신,인물
권씨,인물
권아름,인물
권애리,인물
권양숙,인물
권업회,인물
권역,인물
권역별,인물
권연,인물
권영,인물
권영걸,인물
권영규,인물
권영근,인물
권영길,인물
권영미,인물
권영민,인물
권영세,인물
권영수,인물
권영숙,인물
권영식,인물
권영우,인물
권영욱,인물
권영준,인물
권영진,인물
권영철,인물
권영혜,인물
권영호,인물
권예지,인물
권예진,인물
권오갑,인물
권오곤,인물
권오규,인물
권오룡,인물
권오석,인물
권오섭,인물
권오성,인물
권오숭,인물
권오엽,인물
권오영,인물
권오용,인물
권오원,인물
권오일,인물
권오준,인물
권오중,인물
권오창,인물
권오태,인물
권오혁,인물
권오현,인물
권오훈,인물
권완택,인물
권용,인물
권용규,인물
권용복,인물
권용삼,인물
권용수,인물
권용식,인물
권용우,인물
권용욱,인물
권용웅,인물
권용주,인물
권용준,인물
권용찬,인물
권용현,인물
권용훈,인물
권우,인물
권우현,인물
권욱,인물
권운,인물
권웅,인물
권웅길님,인물
권원태,인물
권위,인물
권위자,인물
권유,인물
권유정,인물
권유진,인물
권율,인물
권은경,인물
권은영,인물
권은정,인물
권은주,인물
권은진,인물
권은혜,인물
권은희,인물
권익,인물
권익위,인물
권익현,인물
권익환,인물
권인락,인물
권인숙,인물
권인택,인물
권인하,인물
권일,인물
권일신,인물
권장,인물
권재,인물
권재열,인물
권재진,인물
권재찬,인물
권재홍,인물
권정생,인물
권정수,인물
권정웅,인물
권정임,인물
권정태,인물
권정택,인물
권정혁,인물
권정희,인물
권제,인물
권종,인물
권좌,인물
권주,인물
권주혁,인물
권죽,인물
권준,인물
권지안,인물
권지연,인물
권지용,인물
권지원,인물
권지은,인물
권지현,인물
권지혜,인물
권지훈,인물
권진,인물
권진규,인물
권진아,인물
권진영,인물
권진옥,인물
권진혁,인물
권진현,인물
권진호,인물
권창현,인물
권창회,인물
권철,인물
권철신,인물
권철현,인물
권총,키워드
권춘택,인물
권치규,인물
권칠,인물
권태,인물
권태경,인물
권태기,인물
권태선,인물
권태연,인물
권태용,인물
권태전,인물
권태환,인물
권택,인물
권택경,인물
권택원,인물
권택준,인물
권택환,인물
권택흥,인물
권토,인물
권투,인물
권트,인물
권판,인물
권표,인물
권학편,인물
권한,키워드
권한부여,인물
권해,인물
권향엽,인물
권혁,인물
권혁수,인물
권혁웅,인물
권혁재,인물
권현수,인물
권현정,인물
권현주,인물
권형,인물
권혜민,인물
권혜신,인물
권혜은,인물
권혜정,인물
권혜진,인물
권호영,인물
권화,인물
권환,인물
권회,인물
권효,인물
권효선,인물
권효정,인물
권효현,인물
권휘수,인물
권흥진,인물
권희숙,인물
권희숙씨,인물
권희진,인물
궐기,인물
궐련,인물
궐밖,인물
궐석,인물
궐석재판,인물
궐선,인물
궐위,인물
궐채,인물
궐패,인물
궤도,인물
궤도면,인물
궤도선,인물
궤도진입,인물
궤멸,인물
궤멸됐다,인물
궤멸된,인물
궤멸했다,인물
궤변,인물
궤양,인물
궤짝,인물
궨당,인물
귀가,인물
귀감,인물
귀거래,인물
귀거래사,인물
귀걸이,인물
귀결,인물
귀고리,인물
귀곡자,인물
귀국,인물
귀금속,인물
귀납,인물
귀농,인물
귀두,인물
귀뚜라미,기관
귀뚜라미보일러,인물
귀띔,인물
귀래면,인물
귀로,인물
귀루,인물
귀류법,인물
귀르가즘,인물
귀리,인물
귀마개,인물
귀머거리,인물
귀멸,인물
귀부인,인물
귀빈,인물
귀사,인물
귀상어,인물
귀선,인물
귀성,장소
귀속,인물
귀수,인물
귀숙,인물
귀순,인물
귀순용사,인물
귀스타브,인물
귀신,인물
귀얄,인물
귀양,인물
귀양살이,인물
귀양시,인물
귀어,인물
귀엣말,인물
귀여니,인물
귀염,인물
귀염둥이,인물
귀요미,인물
귀울림,인물
귀의,인물
귀이빨대칭이,인물
귀인,인물
귀인동,인물
귀절,인물
귀정,인물
귀족,인물
귀주,인물
귀주대첩,인물
귀주성,인물
귀중,인물
귀지,인물
귀차니스트,인물
귀차니즘,인물
귀착,인물
귀책사유,인물
귀청,인물
귀촌,인물
귀축,인물
귀퉁이,인물
귀하,인물
귀항,인물
귀향,인물
귀현,인물
귀형,인물
귀화,인물
귀환,키워드
귄위주,인물
귄익,인물
귄터,인물
귈위,인물
귈하,인물
귓가,인물
귓구멍,인물
귓등,인물
귓바퀴,인물
귓병,인물
귓볼,인물
귓불,인물
귓속,인물
귓속말,인물
귓전,인물
규격,인물
규곤,인물
규남,인물
규덕,인물
규동,인물
규리,인물
규명,인물
규모,키워드
규몹니,인물
규묘,인물
규문,인물
규민,인물
규방,인물
규방공예,인물
규범,인물
규빛,인물
규사,인물
규산,인물
규산염,인물
규삼,인물
규석,인물
규설,인물
규소,인물
규수,인물
규슈,인물
규슈대,인물
규안,인물
규암,인물
규암면,인물
규약,인물
규어,인물
규연,인물
규영,인물
규원,인물
규율,인물
규일,인물
규장,인물
규장각,인물
규정,키워드
규제,키워드
규제특례,인물
규조류,인물
규조토,인물
규준,인물
규직,인물
규진,인물
규찬,인물
규창,인물
규철,인물
규체,인물
규칙,인물
규탄,인물
규표,인물
규합,인물
규합총서,인물
규현,인물
규호,인물
규홍,인물
규획,인물
규획사,인물
균근,인물
균등,인물
균류,인물
균발,인물
균사,인물
균수,인물
균열,인물
균일,인물
균제,인물
균종,인물
균주,인물
균증,인물
균질,인물
균체,인물
균총,인물
균태,인물
균특,인물
균평기,인물
균형,인물
균형감각,인물
균형개발,인물
균형발전,인물
균형성장,인물
균호,인물
균환,인물
귤나무,인물
귤밭,인물
귤색,인물
귤피,인물
귤현차량사업소,인물
귬리,인물
그간,인물
그거,인물
그것,인물
그게,인물
그까짓,인물
그나,인물
그날,키워드
그날그날,인물
그냥,인물
그네,인물
그녀,인물
그누,인물
그늘,키워드
그니,인물
그다음,인물
그다지,인물
그닥,인물
그단스크,인물
그대,인물
그동안,인물
그디니아,인물
그따위,인물
그때,인물
그땐,인물
그떄,인물
그라나다,인물
그라나도,인물
그라데이션,인물
그라드,인물
그라모폰,인물
그라뵌페르,인물
그라비티,인물
그라스,인물
그라운딩,인물
그라이프스발트,인물
그라인더,인물
그라임,인물
그라임스,인물
그라츠,인물
그라탕,인물
그라파이트,인물
그라펜뵈르,인물
그라프,인물
그라피티,인물
그라하,인물
그란돈,인물
그란투리스모,인물
그란트,인물
그란폰도,인물
그람,인물
그람스,인물
그랑꼬또,인물
그랑제꼴,인물
그랑크뤼,인물
그랑프리,인물
그래나이트,인물
그래닛,인물
그래드,인물
그래디언트,인물
그래머시,인물
그래미,인물
그래미상,인물
그래비턴,인물
그래비턴를,인물
그래비티,인물
그래스,인물
그래퍼,인물
그래프,인물
그래피티,인물
그래픽,인물
그래픽노블,인물
그래픽디자이너,인물
그래픽디자인,인물
그래픽스,인물
그래픽카드,인물
그래핀,인물
그랜드,기관
그랜드래피즈,인물
그랜드마스터,인물
그랜드뷰,인물
그랜드센트럴,인물
그랜드슬램,인물
그랜드캐니언,인물
그랜드피아노,인물
그랜마,인물
그랜비,인물
그랜빌,인물
그랜섬,인물
그랜저,인물
그랜터,인물
그랜트,인물
그랜홈,인물
그램,인물
그램스,인물
그램퍼스,인물
그러엄,인물
그레고리,인물
그레고리오,인물
그레그,인물
그레나딘,인물
그레빠,인물
그레이,인물
그레이드,인물
그레이스,인물
그레이스케일,인물
그레이엄,인물
그레이터,인물
그레이트배리어리프,인물
그레임,인물
그레첸,인물
그레코,인물
그레타,인물
그레텔,인물
그렉,인물
그렌델,인물
그렌슨,인물
그렌저,인물
그렐린,인물
그렘린,인물
그렝,인물
그로,키워드
그로드노,인물
그로브,인물
그로서리,인물
그로세토,인물
그로셴,인물
그로테스크,기관
그로피우스,인물
그록,인물
그뢰닝엔,인물
그루,키워드
그루만,인물
그루밍,인물
그루비,인물
그루빙룸,인물
그루스,인물
그루웰,인물
그루지야,인물
그루지야어,인물
그루트,인물
그루폰,인물
그룬투비,인물
그룸,인물
그룹,키워드
그룹채팅,인물
그룹핑,인물
그륩,인물
그르,인물
그르냐,인물
그르다,인물
그르르,인물
그르릉,인물
그르치,인물
그르칠,인물
그른,인물
그른지,인물
그름,인물
그릇,인물
그리고르,인물
그리그,인물
그리기,인물
그리네,인물
그리니치,인물
그리닛,인물
그리닝,인물
그리드,인물
그리말디,인물
그리셤,인물
그리스,장소
그리스도,인물
그리스도교,인물
그리스도교회,인물
그리스도인,인물
그리스문자,인물
그리스신화,인물
그리스어,인물
그리스인,인물
그리스정교회,인물
그리움,인물
그리즐리,인물
그리팅,인물
그리펜,인물
그리피스,인물
그리픽,인물
그리핀,인물
그릭,인물
그릭스,인물
그린데이,인물
그린란드,인물
그린마일,인물
그린백,인물
그린뱅크,인물
그린베이,인물
그린벨트,키워드
그린벳,인물
그린북,기관
그린빌,인물
그린쉘프,인물
그린스펀,인물
그린우드,인물
그린카드,인물
그린티,인물
그린팩토리,인물
그린플러그드,인물
그린피스,인물
그린필드,인물
그릴,인물
그릴리,인물
그림,키워드
그림기호,인물
그림동화,인물
그림문자,인물
그림엽서,인물
그림자,인물
그림책,키워드
그림판,인물
그립랩스,인물
그립스,인물
그립트,인물
그릿,인물
그물,인물
그믐,인물
그믐달,인물
그사세,인물
그슬려,인물
그슬리,인물
그슬린,인물
그야,인물
그었,인물
그었던,인물
그었었다,인물
그었으,인물
그웨닌,인물
그윈,인물
그윽,인물
그을,인물
그을음,인물
그이,인물
그저께,인물
그젯,인물
그젯밤,인물
극값,인물
극광,인물
극구,인물
극권,인물
극기,인물
극기훈련,인물
극단,키워드
극대,인물
극도,인물
극동,인물
극동건설,인물
극동공화국,인물
극동대,인물
극동사령부,인물
극동연방관구,인물
극동지방,인물
극락,인물
극락세계,인물
극락왕생,인물
극락전,인물
극력,인물
극렬,인물
극미,인물
극미량,인물
극복,키워드
극본,인물
극빈,인물
극상,인물
극성,인물
극성팬,인물
극세사,인물
극소,인물
극소화,인물
극심,인물
극악,인물
극야,인물
극약,인물
극언,인물
극영화,인물
극우,키워드
극우정치,인물
극우파,기관
극일,인물
극작,인물
극작가,키워드
극장,인물
극장판,인물
극적,인물
극제비갈매기,인물
극좌,인물
극좌파,인물
극지,인물
극지방,인물
극진,인물
극찬,인물
극체,인물
극초단파,인물
극치,인물
극하근,인물
극한,키워드
극혐,인물
극형,인물
극화,인물
극히,인물
근간,인물
근거,인물
근거리,인물
근거지,인물
근골격계질환,인물
근교,인물
근근히,인물
근남면,인물
근년,인물
근농,인물
근대,인물
근대건축,인물
근대문학,인물
근대사,인물
근대성,인물
근대역사관,인물
근대화,인물
근덕면,인물
근동,인물
근래,인물
근량,인물
근력,인물
근로,인물
근로계약서,인물
근로기준법,인물
근로복지넷,인물
근로빈곤층,인물
근로시간,인물
근로시간면제한도,인물
근로자,키워드
근로장려금,인물
근막,인물
근면,인물
근무,키워드
근무시간,인물
근방,인물
근본,키워드
근북면,인물
근사,인물
근사치,인물
근삿값,인물
근성,인물
근세,인물
근소,인물
근속,인물
근시,인물
근신,인물
근심,인물
근엄,인물
근영여고,인물
근원,키워드
근위,인물
근위대,인물
근육,인물
근육통,인물
근이영양증,인물
근일점,인물
근저당,인물
근저당권,인물
근적외선,인물
근절,인물
근접,인물
근정전,인물
근정훈장,인물
근조기,인물
근지점,인물
근처,키워드
근초고왕,인물
근친교배,인물
근친상간,인물
근친혼,인물
근해,인물
근현대사,인물
근혜,인물
근호,인물
근화동,장소
근화여고,인물
근황,인물
근후,인물
근흥면,인물
글감,인물
글거,인물
글공부,인물
글귀,인물
글기,인물
글꼴,인물
글드드스톤,인물
글라스,인물
글라이더,인물
글라이드,인물
글라주노프,인물
글락소스미스클라인,인물
글란느,인물
글래드,기관
글래드웰,인물
글래드해,인물
글래디에이터,인물
글래머,인물
글래스,키워드
글래스고,인물
글래스턴베리,인물
글래어,인물
글랜,인물
글램,인물
글램핑,인물
글러,인물
글러브,인물
글러컬,인물
글렀네,인물
글렀다,인물
글렀어,인물
글렀으,인물
글레,인물
글레이,인물
글레이브,인물
글레이시아,인물
글레이저,인물
글렉피딕,인물
글렌,인물
글렌데일,인물
글렌리벳,인물
글렌모렌,인물
글렌버기,인물
글렌체크,인물
글렌피딕,인물
글렙,인물
글로,인물
글로나스,인물
글로리,인물
글로리아,인물
글로리홀,인물
글로버,인물
글로벌,키워드
글로벌파운드리,인물
글로벌호크,인물
글로벌화,인물
글로브,인물
글로비스,인물
글로스터,인물
글로스터셔,인물
글로컬라이제이션,인물
글로컬마케터,인물
글로텍,인물
글루,인물
글루업,인물
글루와,인물
글루와측,인물
글루카곤,인물
글루칸,인물
글루코,인물
글루코사민,인물
글루코오스,인물
글루코핏,인물
글루콘산,인물
글루콤,인물
글루타,인물
글루타메이트,인물
글루타민산,인물
글루타치온,인물
글루타티온,인물
글루탐산,인물
글루텐,인물
글루티,인물
글룸,인물
글리,인물
글리벡,인물
글리세라이드,인물
글리세롤,인물
글리세린,인물
글리치,인물
글리코,인물
글리코겐,인물
글리콜,인물
글리터,인물
글리프,인물
글릭,인물
글린,인물
글린카,인물
글림,인물
글림셔,인물
글림처,인물
글립론,인물
글립틴,인물
글말,인물
글맛,인물
글방,인물
글벌,인물
글벗,인물
글빛,인물
글세,인물
글썽,인물
글쎄,인물
글쎄요,인물
글쓰기,인물
글씨,인물
글씨체,인물
글앤,인물
글월,인물
글위글,인물
글자,키워드
글재주,인물
글줄,인물
글즐,인물
글짓기,인물
글틴,인물
글판,키워드
글피,인물
긁혔는데,인물
긁혔다,인물
긁힌,인물
금가루,인물
금각만,인물
금감,인물
금감원,기관
금값,키워드
금강,인물
금강경,인물
금강교,인물
금강산,인물
금강산관광,인물
금강산댐,인물
금강산선,인물
금강송,인물
금강유,인물
금강유역환경청,인물
금강저,인물
금강천,인물
금강철교,인물
금강하굿둑,인물
금강홍수통제소,인물
금개구리,인물
금계,인물
금고,인물
금고형,키워드
금곡,인물
금곡고,인물
금곡대로,인물
금곡동,장소
금곡역,인물
금곡펜션,인물
금곡호,인물
금공,인물
금과면,인물
금관,인물
금관가야,인물
금관대로,인물
금관악기,인물
금관총,인물
금광,인물
금광동,인물
금광면,인물
금괴,인물
금교,인물
금구,인물
금구면,인물
금굴,인물
금권정치,인물
금금,인물
금기,인물
금꽃,인물
금꿩,인물
금나라,인물
금난새,인물
금난전권,인물
금남,인물
금남로,인물
금남면,인물
금녀,인물
금년,인물
금눈돔,인물
금능,인물
금니,인물
금단,인물
금단증상,인물
금단현상,인물
금당도,인물
금대,인물
금덕,인물
금도,인물
금돈,인물
금동,인물
금락리,인물
금란,인물
금란도,인물
금련,인물
금령,인물
금루관,인물
금률,인물
금릉,인물
금리,키워드
금리액티브,인물
금리인하,인물
금리정책,인물
금린,인물
금마,인물
금마면,인물
금맥,키워드
금메달,키워드
금명간,인물
금모래,인물
금문,인물
금문도,인물
금물,인물
금미,인물
금박,인물
금반지,인물
금발,인물
금발머리,인물
금방,인물
금번,인물
금별,인물
금병,인물
금병초,인물
금보,인물
금보라,인물
금복,인물
금복주,인물
금본위제,인물
금봉,인물
금부,인물
금북정맥,인물
금불,인물
금붕,인물
금붕어,인물
금붙이,인물
금비,인물
금빛,기관
금사,인물
금사강,인물
금사동,인물
금사면,인물
금산,키워드
금산군,기관
금산면,기관
금산분리,인물
금산사,인물
금산읍,인물
금상첨화,인물
금색,인물
금샘,인물
금생,인물
금서,인물
금서면,인물
금서목록,인물
금석문,인물
금선,인물
금설,인물
금성,인물
금성동,인물
금성면,인물
금성사,인물
금성산,인물
금성천,인물
금성출판사,인물
금세,인물
금세기,인물
금속,인물
금속공학,인물
금속노조,인물
금속성,인물
금속탐지기,인물
금속활자,인물
금손,인물
금송,인물
금수,장소
금수강산,인물
금수면,인물
금수산,인물
금수산기념궁전,인물
금수산태양궁전,인물
금수현,인물
금수회의록,인물
금순,인물
금슬,인물
금시,인물
금식,인물
금실,인물
금쌀,인물
금씨,인물
금악,인물
금안,인물
금암동,인물
금애,인물
금액,인물
금야군,인물
금언,인물
금역,인물
금연,인물
금영,인물
금오,기관
금오공과대,인물
금오공대,인물
금오대,인물
금오도,인물
금오동,인물
금오산,인물
금오산로,인물
금오신화,인물
금옥,인물
금왕읍,인물
금요일,키워드
금욕,인물
금용,인물
금용농산,인물
금용필,인물
금원산,인물
금위,인물
금유,인물
금유출,인물
금윤섭,인물
금융,키워드
금융가,인물
금융감독원,기관
금융감독원장,기관
금융결제원,인물
금융공학,인물
금융기관,키워드
금융긴축,인물
금융리스,인물
금융시장,인물
금융실명제,인물
금융업,인물
금융위,기관
금융위기,인물
금융인,키워드
금융자본,인물
금융정보분석원,인물
금융정책,인물
금융조합,인물
금융지구,인물
금융채,인물
금융청,인물
금융통화위원회,기관
금융투자,인물
금융허브,인물
금은,인물
금음,인물
금일,키워드
금일도,인물
금일봉,장소
금일읍,인물
금잔디,인물
금잔화,인물
금재,인물
금전,장소
금전신탁,인물
금전지,인물
금정,인물
금정고,인물
금정구,키워드
금정동,인물
금정면,장소
금정산,인물
금정산성,인물
금정역,인물
금정터널,인물
금제,인물
금조,인물
금족,인물
금주,인물
금주령,인물
금주법,인물
금준,인물
금줄,인물
금지,인물
금지곡,인물
금지명령,인물
금지법,인물
금진,인물
금쪽,키워드
금차,인물
금창,인물
금천,장소
금천교,인물
금천구,키워드
금천구청,인물
금천구청역,인물
금천동,인물
금천면,인물
금철,인물
금철완,인물
금촉,인물
금촌,장소
금촌역,인물
금치,인물
금치훈장,인물
금칙어,인물
금칠,인물
금타,인물
금탑,인물
금태,인물
금태섭,인물
금태환,인물
금테,인물
금토,인물
금토일,인물
금통위,기관
금투,인물
금투세,인물
금투협,인물
금파,인물
금평리,인물
금표,인물
금풀,인물
금품,인물
금학,인물
금학동,인물
금항,인물
금해,인물
금향,인물
금혜선,인물
금호,인물
금호강,인물
금호고,인물
금호동,인물
금호아시아나,인물
금호읍,인물
금호지구,인물
금혼,인물
금홍,인물
금화,인물
금회,인물
급감,키워드
급강하,인물
급거,인물
급격,인물
급경사,인물
급구,인물
급난,인물
급냉,인물
급등,키워드
급락,키워드
급랭,인물
급량,인물
급로,인물
급료,인물
급류,인물
급매,인물
급물쌀,인물
급박,인물
급박뇨,인물
급발진,키워드
급변,인물
급별,인물
급보,인물
급부,인물
급비,인물
급사,인물
급상승,인물
급서,인물
급선무,인물
급성,인물
급소,인물
급속,인물
급속도,인물
급수,인물
급수탑,인물
급습,인물
급식,키워드
급액,인물
급여,키워드
급우,인물
급유,인물
급일,인물
급작,인물
급작스레,인물
급전,인물
급정지,인물
급제,인물
급조폭발물,인물
급증,키워드
급진,인물
급창,인물
급탕,인물
급탕용,인물
급파,인물
급파후,인물
급행,인물
급행버스,인물
급행열차,인물
급회전,인물
긍강해,인물
긍법,인물
긍부정,인물
긍선,인물
긍적거,인물
긍적적,인물
긍정,키워드
긍지,인물
긍휼,인물
긔치,인물
기가바이트,인물
기가비트,인물
기가스,인물
기가와트,인물
기가와트시,인물
기가콘,인물
기가톤,인물
기가헤르츠,인물
기각,키워드
기간,키워드
기간산업,인물
기간테스,인물
기갑,인물
기갑부대,인물
기강,인물
기개,인물
기갹,인물
기건,인물
기겁,인물
기결,인물
기경옥,인물
기계,인물
기계가공,인물
기계공,인물
기계공학,인물
기계공학자,인물
기계로,인물
기계면,인물
기계번역,인물
기계사,인물
기계설계,인물
기계요소,인물
기계체조,인물
기계학습,인물
기계화,인물
기계화보병,인물
기고,인물
기고가,인물
기공,인물
기공사,인물
기공식,인물
기관,키워드
기관계,인물
기관단총,인물
기관사,인물
기관지,인물
기관지염,인물
기관지확장증,인물
기관차,인물
기관총,인물
기관포,인물
기광,인물
기괴,인물
기교,인물
기구,키워드
기구설계,인물
기구학,인물
기궂,인물
기권,인물
기근,인물
기금,키워드
기급,인물
기기,인물
기꺼웠다,인물
기껏,인물
기내,인물
기내식,인물
기네,인물
기네스,인물
기네스북,인물
기넥신,인물
기녀,인물
기념,키워드
기념관,인물
기념물,인물
기념비,인물
기념우표,인물
기념일,인물
기념촬,인물
기념촬용,인물
기념쵤영,인물
기념품,인물
기념품점,인물
기노완,인물
기노완시,인물
기능,인물
기능사,인물
기능성게임,인물
기능성식품,인물
기능올림픽,인물
기능장,인물
기능주의,인물
기니,인물
기니스,인물
기니피그,인물
기다랗,인물
기다림,인물
기단,인물
기담,인물
기대,인물
기대가능성,인물
기대값,인물
기대수명,인물
기대승,인물
기도,키워드
기도문,인물
기독,인물
기독공보,인물
기독교,인물
기독교도,인물
기독교인,인물
기독당,인물
기독론,인물
기독인,인물
기동,인물
기동대,기관
기동부대,인물
기동전,인물
기두,인물
기둥,인물
기드온,인물
기득권,인물
기든스,인물
기량,인물
기러기,인물
기레기,인물
기력,인물
기렸,인물
기렸다,인물
기렸습니,인물
기렸으,인물
기령,인물
기로로,인물
기록,키워드
기록관,인물
기록관리,인물
기록물,키워드
기록보관소,인물
기록부,인물
기록사진,인물
기록영화,인물
기록학,인물
기뢰,인물
기룡,인물
기류,인물
기르케,인물
기르킨,인물
기름,키워드
기름값,키워드
기름기,인물
기름종이,인물
기리,인물
기리보이,인물
기린,키워드
기린초,인물
기릴,인물
기립,인물
기립박수,인물
기마,인물
기만,인물
기말고사,인물
기망행위,인물
기메,인물
기멧,인물
기면,인물
기면병,인물
기모,인물
기모노,인물
기묘사화,인물
기무라,인물
기무사,인물
기문,인물
기물,인물
기미,키워드
기미가요,인물
기미년,인물
기미독립선언서,인물
기믹,인물
기믹등,인물
기민,인물
기민당,인물
기민련,인물
기밀,인물
기박,인물
기반,인물
기반시설,인물
기반암,인물
기발,인물
기백,인물
기백산,인물
기범,인물
기범이,인물
기법,인물
기별,인물
기병,인물
기병대,인물
기보,키워드
기보배,인물
기복,인물
기본,키워드
기본권,인물
기본소득,인물
기부,키워드
기부채납,인물
기분,키워드
기분장애,인물
기분좋은날,인물
기브,키워드
기브업,인물
기븐스,인물
기블리,인물
기비,인물
기쁨,키워드
기쁨조,인물
기사,키워드
기사단,인물
기사당,인물
기사도,인물
기사화,인물
기상,인물
기상곡,인물
기상관측,인물
기상관측소,인물
기상대,인물
기상도,인물
기상레이더,인물
기상예보,인물
기상위성,인물
기상이변,인물
기상인,인물
기상재난,인물
기상재해,인물
기상청,기관
기상청장,인물
기상캐스터,인물
기상특보,인물
기상학,인물
기상학자,인물
기상현상,인물
기색,인물
기생,인물
기생벌,인물
기생충,인물
기석,인물
기선,인물
기성,인물
기성동,인물
기성면,인물
기성복,인물
기성세대,인물
기성은,인물
기성전,인물
기성품,인물
기성회,인물
기세,인물
기세계,인물
기센,인물
기소,키워드
기소권,인물
기소유예,인물
기수,인물
기수법,인물
기수역,인물
기숙,인물
기숙사,인물
기술,인물
기술법,인물
기술사,인물
기술사용료,인물
기술이전,인물
기술자,인물
기술제휴,인물
기술컨설팅,인물
기술특례,인물
기술평가원,인물
기술표준,인물
기술표준원,인물
기슐랭,인물
기스,인물
기스면,인물
기슭,인물
기습,인물
기습키스,인물
기승,키워드
기시감,인물
기씨,인물
기아,기관
기아나,인물
기아로,인물
기아차,기관
기악,인물
기악곡,인물
기안,키워드
기압,인물
기압계,인물
기압골,인물
기약,인물
기어,인물
기어이,인물
기억,키워드
기억상실증,인물
기언,인물
기업,키워드
기업가,인물
기업거버넌스,인물
기업은행,기관
기업인,키워드
기업체,인물
기업컨설팅,인물
기에브,인물
기여,인물
기여분,인물
기역,인물
기연,인물
기염,인물
기예,인물
기옘,인물
기오,장소
기온,키워드
기와,인물
기와집,인물
기왕,인물
기요,인물
기요미즈데라,인물
기욤,인물
기용,인물
기우,인물
기우제,인물
기운,인물
기울기,인물
기웃,인물
기원,인물
기원전,인물
기원후,인물
기유,인물
기유민,인물
기윤,인물
기은세,인물
기음,인물
기이,인물
기인,인물
기인제,인물
기일,인물
기입,인물
기자,장소
기자간담회,인물
기자실,인물
기자조선,인물
기자지,인물
기자클럽,인물
기자회견,인물
기장,장소
기장군,장소
기장역,인물
기장읍,인물
기재,인물
기재부,기관
기저,인물
기저귀,인물
기적,키워드
기적처럼,인물
기전,인물
기전력,인물
기절,인물
기점,인물
기정,인물
기정동,인물
기정훈,인물
기제,인물
기조,인물
기조력,인물
기존,인물
기종은,인물
기주,인물
기준,키워드
기준금리,인물
기준서,인물
기준호,인물
기중기,인물
기증,키워드
기지,키워드
기지개,인물
기지국,인물
기지역,인물
기지연,인물
기지원,인물
기진,인물
기질,인물
기차,인물
기차역,인물
기차표,인물
기찬묏길,인물
기척,인물
기철,인물
기철수,인물
기체,인물
기초,키워드
기초과학,인물
기초단체장,인물
기초대사,인물
기초의회,인물
기초자산,인물
기초자치단체장,인물
기초지방자치단체,인물
기초컨설팅,인물
기축,인물
기축통화,인물
기출,인물
기침,인물
기침약,인물
기코쿠,인물
기쿠치,인물
기타,기관
기타등등,인물
기타로,인물
기타리스트,인물
기타연주,인물
기타큐슈,인물
기타큐슈시,인물
기탁,인물
기탁금,인물
기탄,인물
기태,인물
기트,인물
기트허브,인물
기틀,인물
기파랑,인물
기판력,인물
기표,인물
기품,인물
기풍,인물
기프,기관
기프트,인물
기프트샵,인물
기프트카드,인물
기프티콘,기관
기피,인물
기필,인물
기필코,인물
기하,인물
기하학,인물
기학,인물
기한,인물
기함,인물
기합,인물
기항지,인물
기해,인물
기해박해,인물
기행,인물
기행문,인물
기헌,인물
기협,인물
기형,인물
기형도,인물
기호,인물
기호식품,인물
기호일보,인물
기호품,인물
기호학,인물
기호학파,인물
기혼,인물
기홍,인물
기화,인물
기화열,인물
기황,인물
기회,키워드
기회균등,인물
기회비용,인물
기획,키워드
기획사,인물
기획서,인물
기획예산처,인물
기획재정부,기관
기획재정부장관,인물
기획전,인물
기획처,인물
기획특,인물
기후,키워드
기후변화,키워드
기후시,장소
기후워싱,인물
기후전망,인물
기후학,인물
기후학자,인물
기후현,인물
기훈,인물
기흉,인물
기흥,장소
기흥구,인물
기흥역,인물
긱로,인물
긱블,인물
긱스,인물
긴급,기관
긴급회동,인물
긴담,인물
긴머리,인물
긴밀,인물
긴박,인물
긴수염고래,인물
긴스,인물
긴스버그,인물
긴스버스,인물
긴압,인물
긴요,인물
긴자,인물
긴장,인물
긴장감,키워드
긴장도,인물
긴지,인물
긴축,키워드
긴키,인물
긴트,인물
긷는,인물
긷힌,인물
길가,인물
길가메시,인물
길거리,키워드
길고양이,인물
길곡,인물
길광,인물
길구봉구,인물
길기완,인물
길꽃,인물
길냥이,인물
길달,인물
길도우미,인물
길동,인물
길동역,인물
길드,인물
길드워,인물
길드원,인물
길드전,인물
길드홀,인물
길딩,인물
길딩스,인물
길라잡이,인물
길락,인물
길랑바레,인물
길랭,인물
길랭바레,인물
길럼,인물
길레스피,인물
길로틴,인물
길리,인물
길리어드,인물
길림,인물
길림성,인물
길마,인물
길모,인물
길목,인물
길묘,인물
길미,인물
길방,인물
길버트,인물
길벗,인물
길변,인물
길별,인물
길병원,인물
길상면,인물
길상항공,인물
길석,인물
길성,인물
길손,인물
길순윤,인물
길쌈,인물
길씨,인물
길안,인물
길안면,인물
길영,인물
길옆,인물
길윤배,인물
길음,인물
길음역,인물
길이,인물
길일,인물
길임,인물
길입,인물
길잡이,인물
길재,인물
길정우,인물
길조,인물
길종,인물
길주,인물
길주군,인물
길주로,인물
길찾기,인물
길채,인물
길탁,인물
길탕리,인물
길트기,인물
길핀,인물
길함,인물
길항,인물
길항제,인물
길호,인물
길호욱,인물
길홀딩그룹,인물
길환,인물
길훈,인물
길흉,인물
김가연,인물
김가영,인물
김가윤,인물
김가은,인물
김가진,인물
김각,인물
김갑,인물
김갑동,인물
김갑수,인물
김갑순,인물
김갑환,인물
김강,인물
김강남,인물
김강민,인물
김강산,인물
김강석,인물
김강식,인물
김강현,인물
김개,인물
김건,인물
김건영,인물
김건우,인물
김건욱,인물
김건하,인물
김건희,인물
김걸,인물
김겨울,인물
김격식,인물
김격학,인물
김결,인물
김경,인물
김경규,인물
김경근,인물
김경기,인물
김경남,인물
김경덕,인물
김경도,인물
김경돈,인물
김경동,인물
김경란,인물
김경래,인물
김경로,인물
김경록,인물
김경만,인물
김경모,인물
김경문,인물
김경미,인물
김경민,인물
김경배,인물
김경복,인물
김경석,인물
김경선,인물
김경수,인물
김경숙,인물
김경순,인물
김경식,인물
김경신,인물
김경아,인물
김경애,인물
김경연,인물
김경옥,인물
김경우,인물
김경욱,인물
김경운,인물
김경원,인물
김경익,인물
김경인,인물
김경일,인물
김경자,인물
김경재,인물
김경주,인물
김경준,인물
김경중,인물
김경진,인물
김경찬,인물
김경천,인물
김경철,인물
김경탁,인물
김경태,인물
김경하,인물
김경현,인물
김경협,인물
김경호,인물
김경화,인물
김경환,인물
김경회,인물
김경훈,인물
김경희,인물
김계관,인물
김계원,인물
김계환,인물
김계훈,인물
김고은,키워드
김곤,인물
김공,인물
김관,인물
김관수,인물
김관영,인물
김관용,인물
김관주,인물
김관진,인물
김관호,인물
김관후,인물
김광,인물
김광규,인물
김광림,인물
김광민,인물
김광삼,인물
김광서,인물
김광석,인물
김광선,인물
김광섭,인물
김광성,인물
김광수,인물
김광식,인물
김광신,인물
김광연,인물
김광영,인물
김광용,인물
김광욱,인물
김광웅,인물
김광원,인물
김광일,인물
김광정,인물
김광준,인물
김광진,인물
김광혁,인물
김광현,인물
김광호,인물
김굉필,인물
김교,인물
김교수,인물
김교신,인물
김교웅,인물
김교헌,인물
김교현,인물
김교흥,인물
김구,인물
김구라,인물
김국,인물
김국배,인물
김국주,인물
김국진,인물
김군,인물
김귀례,인물
김귀성,인물
김귀숙,인물
김귀연,인물
김규,인물
김규남,인물
김규동,인물
김규리,인물
김규림,인물
김규민,인물
김규삼,인물
김규선,인물
김규섭,인물
김규성,인물
김규식,인물
김규원,인물
김규정,인물
김규진,인물
김규창,인물
김규철,인물
김규태,인물
김규현,인물
김규환,인물
김규희,인물
김균,인물
김균태,인물
김그림,인물
김근,인물
김근배,인물
김근성,인물
김근수,인물
김근식,기관
김근영,인물
김근우,인물
김근태,인물
김근혜,인물
김근호,인물
김근홍,인물
김근환,인물
김금,인물
김금숙,인물
김금순,인물
김금옥,인물
김금용,인물
김금철,인물
김금화,인물
김금희,인물
김긍구,인물
김기,인물
김기남,인물
김기대,인물
김기덕,인물
김기동,인물
김기룡,인물
김기리,인물
김기림,인물
김기만,인물
김기문,키워드
김기배,인물
김기범,인물
김기복,인물
김기봉,인물
김기석,인물
김기선,인물
김기섭,인물
김기성,인물
김기송,인물
김기수,인물
김기승,인물
김기연,인물
김기열,인물
김기영,인물
김기옥,인물
김기완,인물
김기용,인물
김기욱,인물
김기웅,인물
김기원,인물
김기윤,인물
김기재,인물
김기정,인물
김기종,인물
김기주,인물
김기중,키워드
김기진,인물
김기창,인물
김기철,인물
김기춘,인물
김기태,인물
김기택,인물
김기혁,인물
김기현,인물
김기형,인물
김기혜,인물
김기호,인물
김기홍,인물
김기화,인물
김기환,인물
김기훈,인물
김길동,인물
김길량,인물
김길수,인물
김길식,인물
김길영,인물
김길자,인물
김길창,인물
김길태,인물
김길현,인물
김길호,인물
김꽃,인물
김꽃임,인물
김나라,인물
김나래,인물
김나린,인물
김나연,인물
김나영,인물
김나운,인물
김나윤,인물
김나인,인물
김나지움,인물
김낙,인물
김낙성,인물
김낙형,인물
김낙희,인물
김난도,인물
김난주,인물
김남,인물
김남경,인물
김남곤,인물
김남규,인물
김남균,인물
김남기,인물
김남길,키워드
김남덕,인물
김남범,인물
김남석,인물
김남선,인물
김남섭,인물
김남성,인물
김남수,인물
김남숙,인물
김남순,인물
김남용,인물
김남웅,인물
김남윤,인물
김남이,인물
김남일,인물
김남정,인물
김남조,인물
김남주,인물
김남준,인물
김남중,인물
김남진,인물
김남표,인물
김남필,인물
김남헌,인물
김남훈,인물
김남희,인물
김녕,인물
김녕교,인물
김녕길,인물
김녕리,인물
김녕중,인물
김녕초,인물
김노식,인물
김노영,인물
김뉘연,인물
김늠,인물
김능구,인물
김다빈,인물
김다솔,인물
김다솜,인물
김다연,인물
김다영,인물
김다정,인물
김다현,인물
김다혜,인물
김단,인물
김단비,인물
김단아,인물
김달,인물
김달삼,인물
김달수,인물
김달진,인물
김달호,인물
김담,인물
김대,인물
김대건,인물
김대경,인물
김대규,인물
김대균,인물
김대근,인물
김대기,인물
김대범,인물
김대성,인물
김대순,인물
김대식,인물
